<?xml version = '1.0' encoding = 'UTF-8'?>
<Relation class="oracle.dbtools.crest.model.design.logical.Relation" name="Relation_2" directorySegmentName="seg_0" id="0C617035-BE6D-C938-2C9F-97C6A67F213A">
<createdBy>diego</createdBy>
<createdTime>2025-09-05 01:18:41 UTC</createdTime>
<ownerDesignName>ProyectoMER_Postulantes</ownerDesignName>
<engineerTo>
<item key="BC5FBC0F-3114-B74F-6B19-C165D20E8D9E" value="true"/>
</engineerTo>
<sourcePk>43B3BBD7-A561-D564-6949-148F64A18BAB</sourcePk>
<targetPk>BA632F88-7793-CC73-17D7-D1FF7956460B</targetPk>
<identifying>false</identifying>
<optionalSource>true</optionalSource>
<optionalTarget>false</optionalTarget>
<sourceCardinality>*</sourceCardinality>
<sourceEntity>47233DFB-D248-1063-C733-FEBA870DBD21</sourceEntity>
<targetCardinalityString>1</targetCardinalityString>
<targetEntity>F13F0B4F-FDC6-353E-7551-378E820FCFB9</targetEntity>
<transferable>true</transferable>
<deleteRule>NO ACTION</deleteRule>
</Relation>