<?xml version = '1.0' encoding = 'UTF-8'?>
<Relation class="oracle.dbtools.crest.model.design.logical.Relation" name="Relation_12" directorySegmentName="seg_0" id="508E2D6C-9792-7757-9114-79875586D902">
<createdBy>FrZxK</createdBy>
<createdTime>2025-09-07 20:33:55 UTC</createdTime>
<ownerDesignName>ProyectoMER_Postulantes</ownerDesignName>
<engineerTo>
<item key="BC5FBC0F-3114-B74F-6B19-C165D20E8D9E" value="true"/>
</engineerTo>
<sourcePk>43B3BBD7-A561-D564-6949-148F64A18BAB</sourcePk>
<targetPk>CBA2BCBB-098D-B583-03CB-6E40129F83B6</targetPk>
<identifying>false</identifying>
<optionalSource>true</optionalSource>
<optionalTarget>false</optionalTarget>
<sourceCardinality>1</sourceCardinality>
<sourceEntity>47233DFB-D248-1063-C733-FEBA870DBD21</sourceEntity>
<targetCardinalityString>*</targetCardinalityString>
<targetEntity>C2B6C808-4855-7E6B-41CF-4B55F2C316EE</targetEntity>
<transferable>true</transferable>
<deleteRule>NO ACTION</deleteRule>
</Relation>