<?xml version = '1.0' encoding = 'UTF-8'?>
<Relation class="oracle.dbtools.crest.model.design.logical.Relation" name="Postulacion POSTULANTE FK" directorySegmentName="seg_0" id="7BE640BE-548C-D9EF-CE7A-CC88D61232B3">
<createdBy>diego</createdBy>
<createdTime>2025-09-05 01:20:54 UTC</createdTime>
<ownerDesignName>ProyectoMER_Postulantes</ownerDesignName>
<engineerTo>
<item key="BC5FBC0F-3114-B74F-6B19-C165D20E8D9E" value="true"/>
</engineerTo>
<sourcePk>769CC901-10B2-A75D-7425-563F1CFC0C9A</sourcePk>
<targetPk>CBA2BCBB-098D-B583-03CB-6E40129F83B6</targetPk>
<identifying>false</identifying>
<optionalSource>true</optionalSource>
<optionalTarget>false</optionalTarget>
<sourceCardinality>1</sourceCardinality>
<sourceEntity>84A3A442-7A14-98D6-F08C-3498A931F258</sourceEntity>
<targetCardinalityString>*</targetCardinalityString>
<targetEntity>C2B6C808-4855-7E6B-41CF-4B55F2C316EE</targetEntity>
<transferable>true</transferable>
<deleteRule>NO ACTION</deleteRule>
</Relation>