<?xml version = '1.0' encoding = 'UTF-8'?>
<Relation class="oracle.dbtools.crest.model.design.logical.Relation" name="POSTULANTE grado academico FK" directorySegmentName="seg_0" id="C05F7079-AFDF-F6DB-7373-BBA5C9A9B2A6">
<createdBy>FrZxK</createdBy>
<createdTime>2025-09-07 18:55:35 UTC</createdTime>
<ownerDesignName>ProyectoMER_Postulantes</ownerDesignName>
<engineerTo>
<item key="BC5FBC0F-3114-B74F-6B19-C165D20E8D9E" value="true"/>
</engineerTo>
<sourcePk>636C5B85-590F-0075-7400-5F2EC5127D04</sourcePk>
<targetPk>769CC901-10B2-A75D-7425-563F1CFC0C9A</targetPk>
<identifying>false</identifying>
<optionalSource>true</optionalSource>
<optionalTarget>false</optionalTarget>
<sourceCardinality>1</sourceCardinality>
<sourceEntity>20EE1F6A-9C2A-B9A2-AB81-AF9839B2E560</sourceEntity>
<targetCardinalityString>*</targetCardinalityString>
<targetEntity>84A3A442-7A14-98D6-F08C-3498A931F258</targetEntity>
<transferable>true</transferable>
<deleteRule>NO ACTION</deleteRule>
</Relation>