<?xml version = '1.0' encoding = 'UTF-8'?>
<Relation class="oracle.dbtools.crest.model.design.logical.Relation" name="Titulo Profesional POSTULANTE FK" directorySegmentName="seg_0" id="C2D585F5-66E7-F6D0-DADB-C753419477A4">
<createdBy>FrZxK</createdBy>
<createdTime>2025-09-07 18:51:25 UTC</createdTime>
<ownerDesignName>ProyectoMER_Postulantes</ownerDesignName>
<engineerTo>
<item key="BC5FBC0F-3114-B74F-6B19-C165D20E8D9E" value="true"/>
</engineerTo>
<sourcePk>769CC901-10B2-A75D-7425-563F1CFC0C9A</sourcePk>
<identifying>false</identifying>
<optionalSource>true</optionalSource>
<optionalTarget>false</optionalTarget>
<sourceCardinality>1</sourceCardinality>
<sourceEntity>84A3A442-7A14-98D6-F08C-3498A931F258</sourceEntity>
<targetCardinalityString>*</targetCardinalityString>
<targetEntity>F13F0B4F-FDC6-353E-7551-378E820FCFB9</targetEntity>
<transferable>true</transferable>
<deleteRule>NO ACTION</deleteRule>
</Relation>