<?xml version = '1.0' encoding = 'UTF-8'?>
<Relation class="oracle.dbtools.crest.model.design.logical.Relation" name="Relation_11" directorySegmentName="seg_0" id="E6AD5214-37EC-24E4-044E-05B565678C2A">
<createdBy>FrZxK</createdBy>
<createdTime>2025-09-07 20:32:03 UTC</createdTime>
<ownerDesignName>ProyectoMER_Postulantes</ownerDesignName>
<engineerTo>
<item key="BC5FBC0F-3114-B74F-6B19-C165D20E8D9E" value="true"/>
</engineerTo>
<sourcePk>A0B8A0F3-90F2-1BD3-481E-1AD6D45C5EC5</sourcePk>
<targetPk>BA632F88-7793-CC73-17D7-D1FF7956460B</targetPk>
<identifying>false</identifying>
<optionalSource>true</optionalSource>
<optionalTarget>false</optionalTarget>
<sourceCardinality>1</sourceCardinality>
<sourceEntity>B5AEAF15-EF41-AB59-00E0-06ABB04B1E11</sourceEntity>
<targetCardinalityString>*</targetCardinalityString>
<targetEntity>F13F0B4F-FDC6-353E-7551-378E820FCFB9</targetEntity>
<transferable>true</transferable>
<deleteRule>NO ACTION</deleteRule>
</Relation>