<?xml version = '1.0' encoding = 'UTF-8'?>
<Table class="oracle.dbtools.crest.model.design.relational.Table" directorySegmentName="seg_0" id="033D71CB-8114-7752-69CE-A5A34DDCCC88" name="VUELO">
<createdBy>FrZxK</createdBy>
<createdTime>2025-08-25 00:06:59 UTC</createdTime>
<generatorID>5DDCBAFB-070B-7D31-3A14-31595D593D51</generatorID>
<ownerDesignName>Exp1_S2_Grupo16</ownerDesignName>
<ordsAlias>vue</ordsAlias>
<abbreviation>VLO</abbreviation>
<allowColumnReorder>false</allowColumnReorder>
<existDependencyGenerateInDDl>true</existDependencyGenerateInDDl>
<parsed>true</parsed>
<columns itemClass="oracle.dbtools.crest.model.design.relational.Column">
<Column name="Id_vuelo" id="AE859162-B60F-936F-FF79-61CB4A89AE9B">
<createdBy>FrZxK</createdBy>
<createdTime>2025-08-25 00:06:59 UTC</createdTime>
<commentInRDBMS><![CDATA[Identificador único del vuelo]]></commentInRDBMS>
<generatorID>B22EB910-AD26-80E5-948D-D2E5DF3A4A42</generatorID>
<ownerDesignName>Exp1_S2_Grupo16</ownerDesignName>
<useDomainConstraints>false</useDomainConstraints>
<use>1</use>
<logicalDatatype>LOGDT024</logicalDatatype>
<dataTypeSize>10</dataTypeSize>
<ownDataTypeParameters>10,,</ownDataTypeParameters>
<autoIncrementCycle>false</autoIncrementCycle>
</Column>
<Column name="Fecha_despegue" id="98A7927B-511C-982C-A349-E5611EDB3DA6">
<createdBy>FrZxK</createdBy>
<createdTime>2025-08-25 00:06:59 UTC</createdTime>
<commentInRDBMS><![CDATA[Fecha de salida ]]></commentInRDBMS>
<generatorID>3FB4FD68-DAD7-FF19-9BD5-A7C9CA9D9AAA</generatorID>
<ownerDesignName>Exp1_S2_Grupo16</ownerDesignName>
<useDomainConstraints>false</useDomainConstraints>
<use>1</use>
<logicalDatatype>LOGDT007</logicalDatatype>
<ownDataTypeParameters>,,</ownDataTypeParameters>
<autoIncrementCycle>false</autoIncrementCycle>
</Column>
<Column name="Fecha_llegada" id="DB3B3119-51E5-EF09-38FB-8757AE8EEB5A">
<createdBy>FrZxK</createdBy>
<createdTime>2025-08-25 00:06:59 UTC</createdTime>
<commentInRDBMS><![CDATA[ Fecha de llegada]]></commentInRDBMS>
<generatorID>00E10B3F-85DD-2733-19FD-0C1B6C46E7FC</generatorID>
<ownerDesignName>Exp1_S2_Grupo16</ownerDesignName>
<useDomainConstraints>false</useDomainConstraints>
<use>1</use>
<logicalDatatype>LOGDT007</logicalDatatype>
<ownDataTypeParameters>,,</ownDataTypeParameters>
<autoIncrementCycle>false</autoIncrementCycle>
</Column>
<Column name="Ciudad_origen" id="3BB3A49D-EDE3-A5E3-FC92-047D9F1A5878">
<createdBy>FrZxK</createdBy>
<createdTime>2025-08-25 00:06:59 UTC</createdTime>
<commentInRDBMS><![CDATA[Ciudad de origen]]></commentInRDBMS>
<generatorID>36C5EA97-378A-2064-5E3D-D6FFFBCEB731</generatorID>
<ownerDesignName>Exp1_S2_Grupo16</ownerDesignName>
<useDomainConstraints>false</useDomainConstraints>
<use>1</use>
<logicalDatatype>LOGDT024</logicalDatatype>
<dataTypeSize>50</dataTypeSize>
<ownDataTypeParameters>50,,</ownDataTypeParameters>
<autoIncrementCycle>false</autoIncrementCycle>
</Column>
<Column name="Ciudad_destino" id="15A8717B-298F-BD4A-8DED-3D811FF18AB9">
<createdBy>FrZxK</createdBy>
<createdTime>2025-08-25 00:06:59 UTC</createdTime>
<commentInRDBMS><![CDATA[Ciudad de destino]]></commentInRDBMS>
<generatorID>95B561F7-9182-EF91-9F63-FC4555B14ACF</generatorID>
<ownerDesignName>Exp1_S2_Grupo16</ownerDesignName>
<useDomainConstraints>false</useDomainConstraints>
<use>1</use>
<logicalDatatype>LOGDT024</logicalDatatype>
<dataTypeSize>50</dataTypeSize>
<ownDataTypeParameters>50,,</ownDataTypeParameters>
<autoIncrementCycle>false</autoIncrementCycle>
</Column>
<Column name="Hora_salida" id="D14FDCCB-D763-2181-996A-6C936B83BBCC">
<createdBy>FrZxK</createdBy>
<createdTime>2025-08-25 00:06:59 UTC</createdTime>
<commentInRDBMS><![CDATA[Hora de salida]]></commentInRDBMS>
<generatorID>EF64F078-F2D3-4633-57E2-EFF67306178F</generatorID>
<ownerDesignName>Exp1_S2_Grupo16</ownerDesignName>
<useDomainConstraints>false</useDomainConstraints>
<use>1</use>
<logicalDatatype>LOGDT014</logicalDatatype>
<ownDataTypeParameters>,,</ownDataTypeParameters>
<autoIncrementCycle>false</autoIncrementCycle>
</Column>
<Column name="AVION_Id_avión" id="06C40E73-38CF-AFB9-91C9-FA387318AF13">
<createdBy>FrZxK</createdBy>
<createdTime>2025-08-25 00:06:59 UTC</createdTime>
<generatorID>8297B012-0C34-7C2F-91A8-68574ABD978F</generatorID>
<ownerDesignName>Exp1_S2_Grupo16</ownerDesignName>
<useDomainConstraints>false</useDomainConstraints>
<use>1</use>
<logicalDatatype>LOGDT024</logicalDatatype>
<dataTypeSize>10</dataTypeSize>
<ownDataTypeParameters>,,</ownDataTypeParameters>
<previousColumn>false</previousColumn>
<autoIncrementCycle>false</autoIncrementCycle>
<associations>
<colAssociation fkAssociation="ECCEF52F-69F7-E5A1-7C9E-391CEF36DD48" referredColumn="BE8C845C-D8D6-4DD1-E021-88FAF9C906CC"/>
</associations>
</Column>
</columns>
<indexes itemClass="oracle.dbtools.crest.model.design.relational.Index">
<ind_PK_UK id="64CC3C01-D5D0-FC40-9C90-2A7F6BCE120A" name="VUE_PK">
<createdBy>FrZxK</createdBy>
<createdTime>2025-08-25 00:06:59 UTC</createdTime>
<generatorID>1FB3478F-E756-F07A-11D8-48102D006961</generatorID>
<ownerDesignName>Exp1_S2_Grupo16</ownerDesignName>
<pk>true</pk>
<indexState>Primary Constraint</indexState>
<isSurrogateKey>false</isSurrogateKey>
<indexColumnUsage>
<colUsage columnID="AE859162-B60F-936F-FF79-61CB4A89AE9B"/>
</indexColumnUsage>
</ind_PK_UK>
<ind_PK_UK id="DF61EB78-B173-8E6F-AAEA-5B5DE0864E97" name="VUE_AVION_FK">
<createdBy>FrZxK</createdBy>
<createdTime>2025-08-25 00:06:59 UTC</createdTime>
<generatorID>58598328-5BE5-EB46-3F21-686BB98FEAE0</generatorID>
<ownerDesignName>Exp1_S2_Grupo16</ownerDesignName>
<indexState>Foreign Key</indexState>
<isSurrogateKey>false</isSurrogateKey>
<indexColumnUsage>
<colUsage columnID="06C40E73-38CF-AFB9-91C9-FA387318AF13"/>
</indexColumnUsage>
</ind_PK_UK>
</indexes>
</Table>