<?xml version = '1.0' encoding = 'UTF-8'?>
<Table class="oracle.dbtools.crest.model.design.relational.Table" directorySegmentName="seg_0" id="33C37A2C-3B60-B27E-6B83-8684E78A69F3" name="EQUIPAMIENTO">
<createdBy>FrZxK</createdBy>
<createdTime>2025-08-25 00:06:59 UTC</createdTime>
<generatorID>15DA84E5-A393-9D36-4361-0871E0659149</generatorID>
<ownerDesignName>Exp1_S2_Grupo16</ownerDesignName>
<ordsAlias>eqp</ordsAlias>
<abbreviation>EQUIP</abbreviation>
<allowColumnReorder>false</allowColumnReorder>
<existDependencyGenerateInDDl>true</existDependencyGenerateInDDl>
<parsed>true</parsed>
<columns itemClass="oracle.dbtools.crest.model.design.relational.Column">
<Column name="Id_equipaje" id="3A70873E-1F3C-B563-CD45-001768FDB162">
<createdBy>FrZxK</createdBy>
<createdTime>2025-08-25 00:06:59 UTC</createdTime>
<commentInRDBMS><![CDATA[Código único de la maleta]]></commentInRDBMS>
<generatorID>08DD8A43-C60C-E31B-16A4-B8ADD8512CF7</generatorID>
<ownerDesignName>Exp1_S2_Grupo16</ownerDesignName>
<useDomainConstraints>false</useDomainConstraints>
<use>1</use>
<logicalDatatype>LOGDT024</logicalDatatype>
<dataTypeSize>10</dataTypeSize>
<ownDataTypeParameters>10,,</ownDataTypeParameters>
<autoIncrementCycle>false</autoIncrementCycle>
</Column>
<Column name="Color" id="87CC789E-728D-7C93-4624-922341CE7C8B">
<createdBy>FrZxK</createdBy>
<createdTime>2025-08-25 00:06:59 UTC</createdTime>
<commentInRDBMS><![CDATA[Color de la maleta]]></commentInRDBMS>
<generatorID>C46A7299-4C9A-9AF4-82E6-9581DFCBA8B6</generatorID>
<ownerDesignName>Exp1_S2_Grupo16</ownerDesignName>
<useDomainConstraints>false</useDomainConstraints>
<use>1</use>
<logicalDatatype>LOGDT024</logicalDatatype>
<dataTypeSize>30</dataTypeSize>
<ownDataTypeParameters>30,,</ownDataTypeParameters>
<autoIncrementCycle>false</autoIncrementCycle>
</Column>
<Column name="Peso_kg" id="8175BF06-B81E-7FC5-5264-217F52DD0381">
<createdBy>FrZxK</createdBy>
<createdTime>2025-08-25 00:06:59 UTC</createdTime>
<commentInRDBMS><![CDATA[Peso en kilogramos]]></commentInRDBMS>
<generatorID>64B84526-FE2A-D681-D4B4-06FD0AD1B581</generatorID>
<ownerDesignName>Exp1_S2_Grupo16</ownerDesignName>
<useDomainConstraints>false</useDomainConstraints>
<use>1</use>
<logicalDatatype>LOGDT026</logicalDatatype>
<dataTypePrecision>5</dataTypePrecision>
<dataTypeScale>2</dataTypeScale>
<ownDataTypeParameters>,5,2</ownDataTypeParameters>
<autoIncrementCycle>false</autoIncrementCycle>
</Column>
<Column name="Descripción" id="5C82AE24-D068-CEFE-2A6B-50B2DC2961A8">
<createdBy>FrZxK</createdBy>
<createdTime>2025-08-25 00:06:59 UTC</createdTime>
<commentInRDBMS><![CDATA[Descripción opcional]]></commentInRDBMS>
<generatorID>A2A0A4E9-6417-F47F-1B89-FCCD40F0EF25</generatorID>
<ownerDesignName>Exp1_S2_Grupo16</ownerDesignName>
<nullsAllowed>true</nullsAllowed>
<useDomainConstraints>false</useDomainConstraints>
<use>1</use>
<logicalDatatype>LOGDT024</logicalDatatype>
<dataTypeSize>200</dataTypeSize>
<ownDataTypeParameters>200,,</ownDataTypeParameters>
<autoIncrementCycle>false</autoIncrementCycle>
</Column>
<Column name="PAS_id_pasajero" id="86B49FC9-CC0B-4AEA-2175-BBBEB1D3D4EE">
<createdBy>FrZxK</createdBy>
<createdTime>2025-08-25 00:06:59 UTC</createdTime>
<generatorID>198B6BF1-EA0B-97F0-07F5-D9BDA837D36B</generatorID>
<ownerDesignName>Exp1_S2_Grupo16</ownerDesignName>
<useDomainConstraints>false</useDomainConstraints>
<use>1</use>
<logicalDatatype>LOGDT024</logicalDatatype>
<dataTypeSize>15</dataTypeSize>
<ownDataTypeParameters>,,</ownDataTypeParameters>
<previousColumn>false</previousColumn>
<autoIncrementCycle>false</autoIncrementCycle>
<associations>
<colAssociation fkAssociation="89083B0B-797C-6679-DCC8-B430538F1361" referredColumn="BAAA7D44-407F-CAA7-B7A8-C73FF2799F4E"/>
</associations>
</Column>
</columns>
<indexes itemClass="oracle.dbtools.crest.model.design.relational.Index">
<ind_PK_UK id="4D8C5AE0-EA9A-20FB-6697-07922C15DDFD" name="EQP_PK">
<createdBy>FrZxK</createdBy>
<createdTime>2025-08-25 00:06:59 UTC</createdTime>
<generatorID>619F8229-0FB2-C364-851D-C461B7FAE620</generatorID>
<ownerDesignName>Exp1_S2_Grupo16</ownerDesignName>
<pk>true</pk>
<indexState>Primary Constraint</indexState>
<isSurrogateKey>false</isSurrogateKey>
<indexColumnUsage>
<colUsage columnID="3A70873E-1F3C-B563-CD45-001768FDB162"/>
</indexColumnUsage>
</ind_PK_UK>
<ind_PK_UK id="B8FE7B17-12E8-3160-D609-F6E42CF0DBEC" name="EQP_PAS_FK">
<createdBy>FrZxK</createdBy>
<createdTime>2025-08-25 00:06:59 UTC</createdTime>
<generatorID>C172DC8D-A706-26BD-E263-7C7FDB537D91</generatorID>
<ownerDesignName>Exp1_S2_Grupo16</ownerDesignName>
<indexState>Foreign Key</indexState>
<isSurrogateKey>false</isSurrogateKey>
<indexColumnUsage>
<colUsage columnID="86B49FC9-CC0B-4AEA-2175-BBBEB1D3D4EE"/>
</indexColumnUsage>
</ind_PK_UK>
</indexes>
</Table>