<?xml version = '1.0' encoding = 'UTF-8'?>
<Table class="oracle.dbtools.crest.model.design.relational.Table" directorySegmentName="seg_0" id="421D7B4F-9BA3-F858-87D5-452681994F2A" name="PILOTO">
<createdBy>FrZxK</createdBy>
<createdTime>2025-08-25 00:06:59 UTC</createdTime>
<generatorID>573443FA-48A0-738C-471F-32E778BE867F</generatorID>
<ownerDesignName>Exp1_S2_Grupo16</ownerDesignName>
<abbreviation>PI</abbreviation>
<allowColumnReorder>false</allowColumnReorder>
<existDependencyGenerateInDDl>true</existDependencyGenerateInDDl>
<parsed>true</parsed>
<columns itemClass="oracle.dbtools.crest.model.design.relational.Column">
<Column name="EMP_Rut_empleado" id="B5D579C6-DA0B-1D93-A488-5C45457E40B0">
<createdBy>FrZxK</createdBy>
<createdTime>2025-08-25 00:06:59 UTC</createdTime>
<generatorID>0EF12CE5-A43F-CF74-FC0E-4C46EF873B15</generatorID>
<ownerDesignName>Exp1_S2_Grupo16</ownerDesignName>
<useDomainConstraints>false</useDomainConstraints>
<use>1</use>
<logicalDatatype>LOGDT024</logicalDatatype>
<dataTypeSize>12</dataTypeSize>
<ownDataTypeParameters>,,</ownDataTypeParameters>
<previousColumn>false</previousColumn>
<autoIncrementCycle>false</autoIncrementCycle>
<associations>
<colAssociation fkAssociation="001DE3F4-1504-D7C9-6D50-8FD816F1CC4A" referredColumn="3E066994-40D6-F2EF-FCCA-1669C05946DF"/>
</associations>
</Column>
<Column name="Horas_vuelo" id="77145226-678E-16C2-604F-7CE842F417D4">
<createdBy>FrZxK</createdBy>
<createdTime>2025-08-25 00:06:59 UTC</createdTime>
<commentInRDBMS><![CDATA[Total acumulado ]]></commentInRDBMS>
<generatorID>380F39AE-5ECD-238C-B54D-BF51D1D7120A</generatorID>
<ownerDesignName>Exp1_S2_Grupo16</ownerDesignName>
<useDomainConstraints>false</useDomainConstraints>
<use>1</use>
<logicalDatatype>LOGDT011</logicalDatatype>
<ownDataTypeParameters>,,</ownDataTypeParameters>
<autoIncrementCycle>false</autoIncrementCycle>
</Column>
<Column name="AFP" id="015E0B74-4F93-84DE-8DD1-4054AF7ADDFB">
<createdBy>FrZxK</createdBy>
<createdTime>2025-08-25 00:06:59 UTC</createdTime>
<commentInRDBMS><![CDATA[AFP afiliada]]></commentInRDBMS>
<generatorID>5CB05C3E-4B4B-180C-1641-BAD2BB9B3F56</generatorID>
<ownerDesignName>Exp1_S2_Grupo16</ownerDesignName>
<nullsAllowed>true</nullsAllowed>
<useDomainConstraints>false</useDomainConstraints>
<use>1</use>
<logicalDatatype>LOGDT024</logicalDatatype>
<dataTypeSize>50</dataTypeSize>
<ownDataTypeParameters>50,,</ownDataTypeParameters>
<autoIncrementCycle>false</autoIncrementCycle>
</Column>
</columns>
<indexes itemClass="oracle.dbtools.crest.model.design.relational.Index">
<ind_PK_UK id="D5005E55-6D75-E9E2-F500-856B4D07F8D5" name="Piloto_PK">
<createdBy>FrZxK</createdBy>
<createdTime>2025-08-25 00:06:59 UTC</createdTime>
<generatorID>6B9DFDB0-CB40-D9F7-E9BF-07D0FD3C817A</generatorID>
<ownerDesignName>Exp1_S2_Grupo16</ownerDesignName>
<pk>true</pk>
<indexState>Primary Constraint</indexState>
<isSurrogateKey>false</isSurrogateKey>
<indexColumnUsage>
<colUsage columnID="B5D579C6-DA0B-1D93-A488-5C45457E40B0"/>
</indexColumnUsage>
</ind_PK_UK>
<ind_PK_UK id="D4D6C8F7-B3A6-BDEB-F32C-C7E7332565B4" name="Piloto_EMP_FK">
<createdBy>FrZxK</createdBy>
<createdTime>2025-08-25 00:06:59 UTC</createdTime>
<generatorID>19BF7048-91B0-7153-0FD4-8041E430F875</generatorID>
<ownerDesignName>Exp1_S2_Grupo16</ownerDesignName>
<indexState>Foreign Key</indexState>
<isSurrogateKey>false</isSurrogateKey>
<indexColumnUsage>
<colUsage columnID="B5D579C6-DA0B-1D93-A488-5C45457E40B0"/>
</indexColumnUsage>
</ind_PK_UK>
</indexes>
</Table>