<?xml version = '1.0' encoding = 'UTF-8'?>
<Table class="oracle.dbtools.crest.model.design.relational.Table" directorySegmentName="seg_0" id="45289F1B-6BEE-F988-425A-B77B1253A158" name="ADMINISTRATIVO">
<createdBy>FrZxK</createdBy>
<createdTime>2025-08-25 00:06:59 UTC</createdTime>
<generatorID>7C04FE1C-CF3E-E6CB-6E1D-25C44996D027</generatorID>
<ownerDesignName>Exp1_S2_Grupo16</ownerDesignName>
<ordsAlias>admin</ordsAlias>
<abbreviation>AD</abbreviation>
<allowColumnReorder>false</allowColumnReorder>
<existDependencyGenerateInDDl>true</existDependencyGenerateInDDl>
<parsed>true</parsed>
<columns itemClass="oracle.dbtools.crest.model.design.relational.Column">
<Column name="EMP_Rut_empleado" id="0A2D1B59-8C9D-3CC0-8302-FD128500C93B">
<createdBy>FrZxK</createdBy>
<createdTime>2025-08-25 00:06:59 UTC</createdTime>
<generatorID>C543E2F4-6DB9-64A3-4AE5-F4A89DB43C00</generatorID>
<ownerDesignName>Exp1_S2_Grupo16</ownerDesignName>
<useDomainConstraints>false</useDomainConstraints>
<use>1</use>
<logicalDatatype>LOGDT024</logicalDatatype>
<dataTypeSize>12</dataTypeSize>
<ownDataTypeParameters>,,</ownDataTypeParameters>
<previousColumn>false</previousColumn>
<autoIncrementCycle>false</autoIncrementCycle>
<associations>
<colAssociation fkAssociation="DEE30D45-A93D-597C-F096-469B608D1153" referredColumn="3E066994-40D6-F2EF-FCCA-1669C05946DF"/>
</associations>
</Column>
<Column name="Horas_extra" id="608F9955-6085-5925-CE3B-0495C320ED54">
<createdBy>FrZxK</createdBy>
<createdTime>2025-08-25 00:06:59 UTC</createdTime>
<commentInRDBMS><![CDATA[Total acumulado]]></commentInRDBMS>
<generatorID>45B43EA1-41F3-9820-4C79-AA0FCAB53D2B</generatorID>
<ownerDesignName>Exp1_S2_Grupo16</ownerDesignName>
<useDomainConstraints>false</useDomainConstraints>
<use>1</use>
<logicalDatatype>LOGDT011</logicalDatatype>
<ownDataTypeParameters>,,</ownDataTypeParameters>
<autoIncrementCycle>false</autoIncrementCycle>
</Column>
<Column name="AFP" id="45FF9BF4-939E-4E06-0BB2-1FBE012626DE">
<createdBy>FrZxK</createdBy>
<createdTime>2025-08-25 00:06:59 UTC</createdTime>
<commentInRDBMS><![CDATA[AFP afiliada]]></commentInRDBMS>
<generatorID>37151654-7148-6B19-AC79-98E0008DD872</generatorID>
<ownerDesignName>Exp1_S2_Grupo16</ownerDesignName>
<useDomainConstraints>false</useDomainConstraints>
<use>1</use>
<logicalDatatype>LOGDT024</logicalDatatype>
<dataTypeSize>50</dataTypeSize>
<ownDataTypeParameters>50,,</ownDataTypeParameters>
<autoIncrementCycle>false</autoIncrementCycle>
</Column>
</columns>
<indexes itemClass="oracle.dbtools.crest.model.design.relational.Index">
<ind_PK_UK id="6890008E-B52C-9016-AECB-9548B9CAA07E" name="ADMIN_PK">
<createdBy>FrZxK</createdBy>
<createdTime>2025-08-25 00:06:59 UTC</createdTime>
<generatorID>DABFD0DA-E950-111A-4C29-211595EF9F40</generatorID>
<ownerDesignName>Exp1_S2_Grupo16</ownerDesignName>
<pk>true</pk>
<indexState>Primary Constraint</indexState>
<isSurrogateKey>false</isSurrogateKey>
<indexColumnUsage>
<colUsage columnID="0A2D1B59-8C9D-3CC0-8302-FD128500C93B"/>
</indexColumnUsage>
</ind_PK_UK>
<ind_PK_UK id="52F26E2E-C09C-1F1D-3599-FC21DC7BD54B" name="ADMIN_EMP_FK">
<createdBy>FrZxK</createdBy>
<createdTime>2025-08-25 00:06:59 UTC</createdTime>
<generatorID>523ED774-55FF-BF9A-2F46-50337BFB21B2</generatorID>
<ownerDesignName>Exp1_S2_Grupo16</ownerDesignName>
<indexState>Foreign Key</indexState>
<isSurrogateKey>false</isSurrogateKey>
<indexColumnUsage>
<colUsage columnID="0A2D1B59-8C9D-3CC0-8302-FD128500C93B"/>
</indexColumnUsage>
</ind_PK_UK>
</indexes>
</Table>