<?xml version = '1.0' encoding = 'UTF-8'?>
<Table class="oracle.dbtools.crest.model.design.relational.Table" directorySegmentName="seg_0" id="6DEE92B7-B95E-CE8E-594A-EB206DBD39D7" name="RESERVA">
<createdBy>FrZxK</createdBy>
<createdTime>2025-08-25 00:06:59 UTC</createdTime>
<generatorID>79C7C63F-F18A-3E95-8D22-998AAD464C25</generatorID>
<ownerDesignName>Exp1_S2_Grupo16</ownerDesignName>
<ordsAlias>res</ordsAlias>
<abbreviation>RES</abbreviation>
<allowColumnReorder>false</allowColumnReorder>
<existDependencyGenerateInDDl>true</existDependencyGenerateInDDl>
<parsed>true</parsed>
<columns itemClass="oracle.dbtools.crest.model.design.relational.Column">
<Column name="Id_reserva" id="BAAD77D8-256A-EBC4-4BB9-6676ECDAE9B2">
<createdBy>FrZxK</createdBy>
<createdTime>2025-08-25 00:06:59 UTC</createdTime>
<commentInRDBMS><![CDATA[Identificador único de la reserva]]></commentInRDBMS>
<generatorID>D9F6599C-A99E-9936-0B6E-796C761D6954</generatorID>
<ownerDesignName>Exp1_S2_Grupo16</ownerDesignName>
<useDomainConstraints>false</useDomainConstraints>
<use>1</use>
<logicalDatatype>LOGDT024</logicalDatatype>
<dataTypeSize>10</dataTypeSize>
<ownDataTypeParameters>10,,</ownDataTypeParameters>
<autoIncrementCycle>false</autoIncrementCycle>
</Column>
<Column name="Fecha_reserva" id="9F2C035B-ABE8-38FD-8C5D-7B8A138274DB">
<createdBy>FrZxK</createdBy>
<createdTime>2025-08-25 00:06:59 UTC</createdTime>
<commentInRDBMS><![CDATA[Fecha en que se realiza la reserva]]></commentInRDBMS>
<generatorID>A57A4DA9-5F20-D09D-45D9-95FC4BAB2835</generatorID>
<ownerDesignName>Exp1_S2_Grupo16</ownerDesignName>
<useDomainConstraints>false</useDomainConstraints>
<use>1</use>
<logicalDatatype>LOGDT007</logicalDatatype>
<ownDataTypeParameters>,,</ownDataTypeParameters>
<autoIncrementCycle>false</autoIncrementCycle>
</Column>
<Column name="Fecha_viaje" id="38C46C25-13D9-2540-97E3-4ECE30E5142E">
<createdBy>FrZxK</createdBy>
<createdTime>2025-08-25 00:06:59 UTC</createdTime>
<commentInRDBMS><![CDATA[Fecha del vuelo reservado]]></commentInRDBMS>
<generatorID>3DB99F20-469F-AD45-D15C-1145A7E4A4F1</generatorID>
<ownerDesignName>Exp1_S2_Grupo16</ownerDesignName>
<useDomainConstraints>false</useDomainConstraints>
<use>1</use>
<logicalDatatype>LOGDT007</logicalDatatype>
<ownDataTypeParameters>,,</ownDataTypeParameters>
<autoIncrementCycle>false</autoIncrementCycle>
</Column>
<Column name="Estado" id="1B023324-9AD0-31C1-57ED-A40C761932F9">
<createdBy>FrZxK</createdBy>
<createdTime>2025-08-25 00:06:59 UTC</createdTime>
<commentInRDBMS><![CDATA[confirmado o nulo]]></commentInRDBMS>
<generatorID>A43BE3AA-5A0B-DCC6-1651-AD1C344D2555</generatorID>
<ownerDesignName>Exp1_S2_Grupo16</ownerDesignName>
<useDomainConstraints>false</useDomainConstraints>
<use>1</use>
<logicalDatatype>LOGDT024</logicalDatatype>
<dataTypeSize>2</dataTypeSize>
<ownDataTypeParameters>2,,</ownDataTypeParameters>
<autoIncrementCycle>false</autoIncrementCycle>
</Column>
<Column name="PAS_id_pasajero" id="C05B5E32-20CD-717C-112B-8C9C6C01BA0E">
<createdBy>FrZxK</createdBy>
<createdTime>2025-08-25 00:06:59 UTC</createdTime>
<generatorID>F4D6F320-733C-8016-88BE-E9B0541DBE96</generatorID>
<ownerDesignName>Exp1_S2_Grupo16</ownerDesignName>
<useDomainConstraints>false</useDomainConstraints>
<use>1</use>
<logicalDatatype>LOGDT024</logicalDatatype>
<dataTypeSize>15</dataTypeSize>
<ownDataTypeParameters>,,</ownDataTypeParameters>
<previousColumn>false</previousColumn>
<autoIncrementCycle>false</autoIncrementCycle>
<associations>
<colAssociation fkAssociation="33F8F7DC-54CC-7C04-7704-A4E671F329DB" referredColumn="BAAA7D44-407F-CAA7-B7A8-C73FF2799F4E"/>
</associations>
</Column>
<Column name="VUE_Id_vuelo" id="E27B705F-87B4-3497-251A-23507705B626">
<createdBy>FrZxK</createdBy>
<createdTime>2025-08-25 00:06:59 UTC</createdTime>
<generatorID>F9516161-4892-2964-58FC-AC4231A5F1B2</generatorID>
<ownerDesignName>Exp1_S2_Grupo16</ownerDesignName>
<useDomainConstraints>false</useDomainConstraints>
<use>1</use>
<logicalDatatype>LOGDT024</logicalDatatype>
<dataTypeSize>10</dataTypeSize>
<ownDataTypeParameters>,,</ownDataTypeParameters>
<previousColumn>false</previousColumn>
<autoIncrementCycle>false</autoIncrementCycle>
<associations>
<colAssociation fkAssociation="EE18DB11-15B1-7973-9EC9-D9A2DC4917A1" referredColumn="AE859162-B60F-936F-FF79-61CB4A89AE9B"/>
</associations>
</Column>
<Column name="EMP_Rut_empleado" id="E47B819D-976A-5E5E-4F4B-E83D3735A6B1">
<createdBy>FrZxK</createdBy>
<createdTime>2025-08-25 00:06:59 UTC</createdTime>
<generatorID>229F6EAA-D12E-0496-3D12-5E6DB7D9D4F2</generatorID>
<ownerDesignName>Exp1_S2_Grupo16</ownerDesignName>
<useDomainConstraints>false</useDomainConstraints>
<use>1</use>
<logicalDatatype>LOGDT024</logicalDatatype>
<dataTypeSize>12</dataTypeSize>
<ownDataTypeParameters>,,</ownDataTypeParameters>
<previousColumn>false</previousColumn>
<autoIncrementCycle>false</autoIncrementCycle>
<associations>
<colAssociation fkAssociation="3BD33805-DDDA-1A53-DA1D-A34990C3EB6B" referredColumn="3E066994-40D6-F2EF-FCCA-1669C05946DF"/>
</associations>
</Column>
</columns>
<indexes itemClass="oracle.dbtools.crest.model.design.relational.Index">
<ind_PK_UK id="148695D3-C520-AA52-E53C-CF661D4E0A59" name="RES_PK">
<createdBy>FrZxK</createdBy>
<createdTime>2025-08-25 00:06:59 UTC</createdTime>
<generatorID>F032C776-882E-1EEE-CDED-6AEBDAFA0A7C</generatorID>
<ownerDesignName>Exp1_S2_Grupo16</ownerDesignName>
<pk>true</pk>
<indexState>Primary Constraint</indexState>
<isSurrogateKey>false</isSurrogateKey>
<indexColumnUsage>
<colUsage columnID="BAAD77D8-256A-EBC4-4BB9-6676ECDAE9B2"/>
</indexColumnUsage>
</ind_PK_UK>
<ind_PK_UK id="AF321327-12A4-7682-8968-E5B9C5BE74A0" name="RES_EMP_FK">
<createdBy>FrZxK</createdBy>
<createdTime>2025-08-25 00:06:59 UTC</createdTime>
<generatorID>744EAB23-7CA9-4B5F-875F-E26B57D10F0E</generatorID>
<ownerDesignName>Exp1_S2_Grupo16</ownerDesignName>
<indexState>Foreign Key</indexState>
<isSurrogateKey>false</isSurrogateKey>
<indexColumnUsage>
<colUsage columnID="E47B819D-976A-5E5E-4F4B-E83D3735A6B1"/>
</indexColumnUsage>
</ind_PK_UK>
<ind_PK_UK id="0119ADB7-1B15-58FF-16A6-F90DA0D592DE" name="RES_PAS_FK">
<createdBy>FrZxK</createdBy>
<createdTime>2025-08-25 00:06:59 UTC</createdTime>
<generatorID>889AB7D1-1E17-207D-EB6C-D58BCD6F0E5F</generatorID>
<ownerDesignName>Exp1_S2_Grupo16</ownerDesignName>
<indexState>Foreign Key</indexState>
<isSurrogateKey>false</isSurrogateKey>
<indexColumnUsage>
<colUsage columnID="C05B5E32-20CD-717C-112B-8C9C6C01BA0E"/>
</indexColumnUsage>
</ind_PK_UK>
<ind_PK_UK id="A3922620-7F8E-3430-0879-A5465EE14D6D" name="RES_VUE_FK">
<createdBy>FrZxK</createdBy>
<createdTime>2025-08-25 00:06:59 UTC</createdTime>
<generatorID>70283FE9-145D-981D-43EB-35CA80FD96BC</generatorID>
<ownerDesignName>Exp1_S2_Grupo16</ownerDesignName>
<indexState>Foreign Key</indexState>
<isSurrogateKey>false</isSurrogateKey>
<indexColumnUsage>
<colUsage columnID="E27B705F-87B4-3497-251A-23507705B626"/>
</indexColumnUsage>
</ind_PK_UK>
</indexes>
</Table>