<?xml version = '1.0' encoding = 'UTF-8'?>
<Table class="oracle.dbtools.crest.model.design.relational.Table" directorySegmentName="seg_0" id="AA392723-9540-2A78-DA11-697EEC3D891C" name="AVION">
<createdBy>FrZxK</createdBy>
<createdTime>2025-08-25 00:06:59 UTC</createdTime>
<generatorID>EE4E3C65-BE6B-4F45-B3E6-EE50F544362C</generatorID>
<ownerDesignName>Exp1_S2_Grupo16</ownerDesignName>
<abbreviation>AVN</abbreviation>
<allowColumnReorder>false</allowColumnReorder>
<existDependencyGenerateInDDl>true</existDependencyGenerateInDDl>
<parsed>true</parsed>
<columns itemClass="oracle.dbtools.crest.model.design.relational.Column">
<Column name="Id_avión" id="BE8C845C-D8D6-4DD1-E021-88FAF9C906CC">
<createdBy>FrZxK</createdBy>
<createdTime>2025-08-25 00:06:59 UTC</createdTime>
<commentInRDBMS><![CDATA[Matrícula única]]></commentInRDBMS>
<generatorID>FF8E70DC-C2E3-6C01-000D-32ED095A1ED2</generatorID>
<ownerDesignName>Exp1_S2_Grupo16</ownerDesignName>
<useDomainConstraints>false</useDomainConstraints>
<use>1</use>
<logicalDatatype>LOGDT024</logicalDatatype>
<dataTypeSize>10</dataTypeSize>
<ownDataTypeParameters>10,,</ownDataTypeParameters>
<autoIncrementCycle>false</autoIncrementCycle>
</Column>
<Column name="Marca" id="870B92D3-A872-7B5B-26D1-004263FA443D">
<createdBy>FrZxK</createdBy>
<createdTime>2025-08-25 00:06:59 UTC</createdTime>
<commentInRDBMS><![CDATA[Marca del avión]]></commentInRDBMS>
<generatorID>D38CA6A0-BE32-60FE-E6C8-9CA2A107D479</generatorID>
<ownerDesignName>Exp1_S2_Grupo16</ownerDesignName>
<useDomainConstraints>false</useDomainConstraints>
<use>1</use>
<logicalDatatype>LOGDT024</logicalDatatype>
<dataTypeSize>50</dataTypeSize>
<ownDataTypeParameters>50,,</ownDataTypeParameters>
<autoIncrementCycle>false</autoIncrementCycle>
</Column>
<Column name="Modelo" id="4092A54B-210A-13DF-4A0C-B1FC40B0649F">
<createdBy>FrZxK</createdBy>
<createdTime>2025-08-25 00:06:59 UTC</createdTime>
<commentInRDBMS><![CDATA[Modelo del avión]]></commentInRDBMS>
<generatorID>C4C036B1-8368-B2A2-09C1-A50D7D8EBF48</generatorID>
<ownerDesignName>Exp1_S2_Grupo16</ownerDesignName>
<useDomainConstraints>false</useDomainConstraints>
<use>1</use>
<logicalDatatype>LOGDT024</logicalDatatype>
<dataTypeSize>50</dataTypeSize>
<ownDataTypeParameters>50,,</ownDataTypeParameters>
<autoIncrementCycle>false</autoIncrementCycle>
</Column>
<Column name="Capacidad" id="F2FF9DC6-2DCF-40F3-7D46-BB06358E6D1C">
<createdBy>FrZxK</createdBy>
<createdTime>2025-08-25 00:06:59 UTC</createdTime>
<commentInRDBMS><![CDATA[Entre 200 y 800]]></commentInRDBMS>
<generatorID>9676BE7E-5A0A-815D-EFB4-1ACF8D5C5CFE</generatorID>
<ownerDesignName>Exp1_S2_Grupo16</ownerDesignName>
<useDomainConstraints>false</useDomainConstraints>
<use>1</use>
<logicalDatatype>LOGDT011</logicalDatatype>
<ownDataTypeParameters>,,</ownDataTypeParameters>
<autoIncrementCycle>false</autoIncrementCycle>
</Column>
</columns>
<indexes itemClass="oracle.dbtools.crest.model.design.relational.Index">
<ind_PK_UK id="7C894A10-D82F-65B0-2E0F-616D7956DF1D" name="AVION_PK">
<createdBy>FrZxK</createdBy>
<createdTime>2025-08-25 00:06:59 UTC</createdTime>
<generatorID>D3ECB6D4-C6CA-DCE9-EB3E-185D76540F7F</generatorID>
<ownerDesignName>Exp1_S2_Grupo16</ownerDesignName>
<pk>true</pk>
<indexState>Primary Constraint</indexState>
<isSurrogateKey>false</isSurrogateKey>
<indexColumnUsage>
<colUsage columnID="BE8C845C-D8D6-4DD1-E021-88FAF9C906CC"/>
</indexColumnUsage>
</ind_PK_UK>
</indexes>
</Table>