<?xml version = '1.0' encoding = 'UTF-8'?>
<Table class="oracle.dbtools.crest.model.design.relational.Table" directorySegmentName="seg_0" id="C4AAE6EB-DA7E-A3F1-4EB5-199F109D2E72" name="EMPLEADO">
<createdBy>FrZxK</createdBy>
<createdTime>2025-08-25 00:06:59 UTC</createdTime>
<generatorID>3C34E88D-127B-1F7A-D534-427B3CEF1ABF</generatorID>
<ownerDesignName>Exp1_S2_Grupo16</ownerDesignName>
<ordsAlias>emp</ordsAlias>
<abbreviation>EMP</abbreviation>
<allowColumnReorder>false</allowColumnReorder>
<existDependencyGenerateInDDl>true</existDependencyGenerateInDDl>
<parsed>true</parsed>
<columns itemClass="oracle.dbtools.crest.model.design.relational.Column">
<Column name="Rut_empleado" id="3E066994-40D6-F2EF-FCCA-1669C05946DF">
<createdBy>FrZxK</createdBy>
<createdTime>2025-08-25 00:06:59 UTC</createdTime>
<commentInRDBMS><![CDATA[RUT chileno]]></commentInRDBMS>
<generatorID>DDE3711F-4C37-08EF-7046-21D7A98EF326</generatorID>
<ownerDesignName>Exp1_S2_Grupo16</ownerDesignName>
<useDomainConstraints>false</useDomainConstraints>
<use>1</use>
<logicalDatatype>LOGDT024</logicalDatatype>
<dataTypeSize>12</dataTypeSize>
<ownDataTypeParameters>12,,</ownDataTypeParameters>
<autoIncrementCycle>false</autoIncrementCycle>
</Column>
<Column name="Nombre_completo" id="05696486-3540-AE7E-7C8D-9C1FB86CB58F">
<createdBy>FrZxK</createdBy>
<createdTime>2025-08-25 00:06:59 UTC</createdTime>
<commentInRDBMS><![CDATA[Nombre completo]]></commentInRDBMS>
<generatorID>047DD813-5BA0-5AB8-8224-7B9BDC743C87</generatorID>
<ownerDesignName>Exp1_S2_Grupo16</ownerDesignName>
<useDomainConstraints>false</useDomainConstraints>
<use>1</use>
<logicalDatatype>LOGDT024</logicalDatatype>
<dataTypeSize>100</dataTypeSize>
<ownDataTypeParameters>100,,</ownDataTypeParameters>
<autoIncrementCycle>false</autoIncrementCycle>
</Column>
<Column name="Dirección" id="EB162E1A-840A-833E-8EEE-6B53F19C6A99">
<createdBy>FrZxK</createdBy>
<createdTime>2025-08-25 00:06:59 UTC</createdTime>
<commentInRDBMS><![CDATA[Dirección]]></commentInRDBMS>
<generatorID>F1641D91-7DF9-84AA-3380-BB058183CA8D</generatorID>
<ownerDesignName>Exp1_S2_Grupo16</ownerDesignName>
<useDomainConstraints>false</useDomainConstraints>
<use>1</use>
<logicalDatatype>LOGDT024</logicalDatatype>
<dataTypeSize>150</dataTypeSize>
<ownDataTypeParameters>150,,</ownDataTypeParameters>
<autoIncrementCycle>false</autoIncrementCycle>
</Column>
<Column name="Sueldo_base" id="C4193174-0FA1-E14A-1718-C1602E076AF6">
<createdBy>FrZxK</createdBy>
<createdTime>2025-08-25 00:06:59 UTC</createdTime>
<commentInRDBMS><![CDATA[Sueldo mensual]]></commentInRDBMS>
<generatorID>67CC4F88-33DE-2754-936B-52CD6CD4D486</generatorID>
<ownerDesignName>Exp1_S2_Grupo16</ownerDesignName>
<useDomainConstraints>false</useDomainConstraints>
<use>1</use>
<logicalDatatype>LOGDT026</logicalDatatype>
<dataTypePrecision>10</dataTypePrecision>
<dataTypeScale>2</dataTypeScale>
<ownDataTypeParameters>,10,2</ownDataTypeParameters>
<autoIncrementCycle>false</autoIncrementCycle>
</Column>
<Column name="Fecha_ingreso" id="AA8DF9D8-73B6-7164-54BE-57A370470F48">
<createdBy>FrZxK</createdBy>
<createdTime>2025-08-25 00:06:59 UTC</createdTime>
<commentInRDBMS><![CDATA[Fecha de ingreso a la empresa]]></commentInRDBMS>
<generatorID>8F780831-0E89-D426-F32B-9B70591291CF</generatorID>
<ownerDesignName>Exp1_S2_Grupo16</ownerDesignName>
<useDomainConstraints>false</useDomainConstraints>
<use>1</use>
<logicalDatatype>LOGDT007</logicalDatatype>
<ownDataTypeParameters>,,</ownDataTypeParameters>
<autoIncrementCycle>false</autoIncrementCycle>
</Column>
<Column name="Genero" id="81B1F4F3-4F37-538A-5B2D-C18DA68B7CA1">
<createdBy>FrZxK</createdBy>
<createdTime>2025-08-25 00:06:59 UTC</createdTime>
<commentInRDBMS><![CDATA[M, F, O]]></commentInRDBMS>
<generatorID>CB32BEA4-5FAF-1ACF-6433-9EFACD25E212</generatorID>
<ownerDesignName>Exp1_S2_Grupo16</ownerDesignName>
<useDomainConstraints>false</useDomainConstraints>
<use>1</use>
<logicalDatatype>LOGDT025</logicalDatatype>
<dataTypeSize>1</dataTypeSize>
<ownDataTypeParameters>1,,</ownDataTypeParameters>
<autoIncrementCycle>false</autoIncrementCycle>
</Column>
<Column name="Teléfono_movil" id="6EC1BA04-05B7-662E-BAE1-B9D42019A6DB">
<createdBy>FrZxK</createdBy>
<createdTime>2025-08-25 00:06:59 UTC</createdTime>
<commentInRDBMS><![CDATA[Teléfono principal]]></commentInRDBMS>
<generatorID>BE0E416F-EF36-A493-265F-5B93C7C6E04E</generatorID>
<ownerDesignName>Exp1_S2_Grupo16</ownerDesignName>
<nullsAllowed>true</nullsAllowed>
<useDomainConstraints>false</useDomainConstraints>
<use>1</use>
<logicalDatatype>LOGDT024</logicalDatatype>
<dataTypeSize>20</dataTypeSize>
<ownDataTypeParameters>20,,</ownDataTypeParameters>
<autoIncrementCycle>false</autoIncrementCycle>
</Column>
<Column name="Teléfono_contacto" id="10D0BA6F-9BED-05F0-0CD8-C8D8221C2814">
<createdBy>FrZxK</createdBy>
<createdTime>2025-08-25 00:06:59 UTC</createdTime>
<commentInRDBMS><![CDATA[Teléfono alternativo]]></commentInRDBMS>
<generatorID>DB18CE7E-B3BD-BE4D-3FEA-B4A9EC7802C3</generatorID>
<ownerDesignName>Exp1_S2_Grupo16</ownerDesignName>
<nullsAllowed>true</nullsAllowed>
<useDomainConstraints>false</useDomainConstraints>
<use>1</use>
<logicalDatatype>LOGDT024</logicalDatatype>
<dataTypeSize>20</dataTypeSize>
<ownDataTypeParameters>20,,</ownDataTypeParameters>
<autoIncrementCycle>false</autoIncrementCycle>
</Column>
<Column name="Tipo_empleado" id="9EB58BD4-1CC1-9F29-8B6F-45FEA5734B52">
<createdBy>FrZxK</createdBy>
<createdTime>2025-08-25 00:06:59 UTC</createdTime>
<comment><![CDATA[Valores válidos: PI (Piloto), AD (Administrativo)]]></comment>
<commentInRDBMS><![CDATA[CHECK (Tipo_empleado IN ('PI', 'AD'))]]></commentInRDBMS>
<generatorID>7C01B215-159E-A6A4-FF46-335FD10A1877</generatorID>
<notes><![CDATA[Discriminador para subtipos. PI=Piloto, AD=Administrativo.]]></notes>
<ownerDesignName>Exp1_S2_Grupo16</ownerDesignName>
<useDomainConstraints>false</useDomainConstraints>
<use>1</use>
<logicalDatatype>LOGDT024</logicalDatatype>
<dataTypeSize>2</dataTypeSize>
<ownDataTypeParameters>2,,</ownDataTypeParameters>
<autoIncrementCycle>false</autoIncrementCycle>
</Column>
</columns>
<indexes itemClass="oracle.dbtools.crest.model.design.relational.Index">
<ind_PK_UK id="0D8B281F-8F22-C1BD-3016-1894F4C0BE7B" name="EMP_PK">
<createdBy>FrZxK</createdBy>
<createdTime>2025-08-25 00:06:59 UTC</createdTime>
<generatorID>F8C4A14B-8AD1-7F73-86D6-1ECBEB60B6E8</generatorID>
<ownerDesignName>Exp1_S2_Grupo16</ownerDesignName>
<pk>true</pk>
<indexState>Primary Constraint</indexState>
<isSurrogateKey>false</isSurrogateKey>
<indexColumnUsage>
<colUsage columnID="3E066994-40D6-F2EF-FCCA-1669C05946DF"/>
</indexColumnUsage>
</ind_PK_UK>
</indexes>
</Table>