<?xml version = '1.0' encoding = 'UTF-8'?>
<FKIndexAssociation class="oracle.dbtools.crest.model.design.relational.FKIndexAssociation" directorySegmentName="seg_0" id="001DE3F4-1504-D7C9-6D50-8FD816F1CC4A" containerWithKeyObject="421D7B4F-9BA3-F858-87D5-452681994F2A" localFKIndex="D4D6C8F7-B3A6-BDEB-F32C-C7E7332565B4" name="Piloto_EMP_FK">
<createdBy>FrZxK</createdBy>
<createdTime>2025-08-25 00:06:59 UTC</createdTime>
<generatorID>19BF7048-91B0-7153-0FD4-8041E430F875</generatorID>
<ownerDesignName>Exp1_S2_Grupo16</ownerDesignName>
<referredTableLongName>EMPLEADO</referredTableLongName>
<deleteRule>NO ACTION</deleteRule>
<referredTableID>C4AAE6EB-DA7E-A3F1-4EB5-199F109D2E72</referredTableID>
<keyObject>0D8B281F-8F22-C1BD-3016-1894F4C0BE7B</keyObject>
<referredKeyID>0D8B281F-8F22-C1BD-3016-1894F4C0BE7B</referredKeyID>
<mandatory>true</mandatory>
<refColNames>Rut_empleado</refColNames>
<transferable>true</transferable>
<rely>false</rely>
<columnDependencyConstraintGenerateInDDL>true</columnDependencyConstraintGenerateInDDL>
</FKIndexAssociation>