<?xml version = '1.0' encoding = 'UTF-8'?>
<FKIndexAssociation class="oracle.dbtools.crest.model.design.relational.FKIndexAssociation" directorySegmentName="seg_0" id="33F8F7DC-54CC-7C04-7704-A4E671F329DB" containerWithKeyObject="6DEE92B7-B95E-CE8E-594A-EB206DBD39D7" localFKIndex="0119ADB7-1B15-58FF-16A6-F90DA0D592DE" name="RES_PAS_FK">
<createdBy>FrZxK</createdBy>
<createdTime>2025-08-25 00:06:59 UTC</createdTime>
<generatorID>889AB7D1-1E17-207D-EB6C-D58BCD6F0E5F</generatorID>
<ownerDesignName>Exp1_S2_Grupo16</ownerDesignName>
<referredTableLongName>PASAJERO</referredTableLongName>
<deleteRule>NO ACTION</deleteRule>
<referredTableID>DC79703F-B831-05BF-D744-E02E5DFDC9B1</referredTableID>
<keyObject>5E46B4DE-DEEA-BE1D-9050-4518FBA250FD</keyObject>
<referredKeyID>5E46B4DE-DEEA-BE1D-9050-4518FBA250FD</referredKeyID>
<mandatory>true</mandatory>
<refColNames>id_pasajero</refColNames>
<transferable>true</transferable>
<rely>false</rely>
<columnDependencyConstraintGenerateInDDL>true</columnDependencyConstraintGenerateInDDL>
</FKIndexAssociation>