<?xml version = '1.0' encoding = 'UTF-8'?>
<FKIndexAssociation class="oracle.dbtools.crest.model.design.relational.FKIndexAssociation" directorySegmentName="seg_0" id="3BD33805-DDDA-1A53-DA1D-A34990C3EB6B" containerWithKeyObject="6DEE92B7-B95E-CE8E-594A-EB206DBD39D7" localFKIndex="AF321327-12A4-7682-8968-E5B9C5BE74A0" name="RES_EMP_FK">
<createdBy>FrZxK</createdBy>
<createdTime>2025-08-25 00:06:59 UTC</createdTime>
<generatorID>744EAB23-7CA9-4B5F-875F-E26B57D10F0E</generatorID>
<ownerDesignName>Exp1_S2_Grupo16</ownerDesignName>
<referredTableLongName>EMPLEADO</referredTableLongName>
<deleteRule>NO ACTION</deleteRule>
<referredTableID>C4AAE6EB-DA7E-A3F1-4EB5-199F109D2E72</referredTableID>
<keyObject>0D8B281F-8F22-C1BD-3016-1894F4C0BE7B</keyObject>
<referredKeyID>0D8B281F-8F22-C1BD-3016-1894F4C0BE7B</referredKeyID>
<mandatory>true</mandatory>
<refColNames>Rut_empleado</refColNames>
<transferable>true</transferable>
<rely>false</rely>
<columnDependencyConstraintGenerateInDDL>true</columnDependencyConstraintGenerateInDDL>
</FKIndexAssociation>