<?xml version = '1.0' encoding = 'UTF-8'?>
<FKIndexAssociation class="oracle.dbtools.crest.model.design.relational.FKIndexAssociation" directorySegmentName="seg_0" id="89083B0B-797C-6679-DCC8-B430538F1361" containerWithKeyObject="33C37A2C-3B60-B27E-6B83-8684E78A69F3" localFKIndex="B8FE7B17-12E8-3160-D609-F6E42CF0DBEC" name="EQP_PAS_FK">
<createdBy>FrZxK</createdBy>
<createdTime>2025-08-25 00:06:59 UTC</createdTime>
<generatorID>C172DC8D-A706-26BD-E263-7C7FDB537D91</generatorID>
<ownerDesignName>Exp1_S2_Grupo16</ownerDesignName>
<referredTableLongName>PASAJERO</referredTableLongName>
<deleteRule>NO ACTION</deleteRule>
<referredTableID>DC79703F-B831-05BF-D744-E02E5DFDC9B1</referredTableID>
<keyObject>5E46B4DE-DEEA-BE1D-9050-4518FBA250FD</keyObject>
<referredKeyID>5E46B4DE-DEEA-BE1D-9050-4518FBA250FD</referredKeyID>
<mandatory>true</mandatory>
<refColNames>id_pasajero</refColNames>
<transferable>true</transferable>
<rely>false</rely>
<columnDependencyConstraintGenerateInDDL>true</columnDependencyConstraintGenerateInDDL>
</FKIndexAssociation>