<?xml version = '1.0' encoding = 'UTF-8'?>
<FKIndexAssociation class="oracle.dbtools.crest.model.design.relational.FKIndexAssociation" directorySegmentName="seg_0" id="DEE30D45-A93D-597C-F096-469B608D1153" containerWithKeyObject="45289F1B-6BEE-F988-425A-B77B1253A158" localFKIndex="52F26E2E-C09C-1F1D-3599-FC21DC7BD54B" name="ADMIN_EMP_FK">
<createdBy>FrZxK</createdBy>
<createdTime>2025-08-25 00:06:59 UTC</createdTime>
<generatorID>523ED774-55FF-BF9A-2F46-50337BFB21B2</generatorID>
<ownerDesignName>Exp1_S2_Grupo16</ownerDesignName>
<referredTableLongName>EMPLEADO</referredTableLongName>
<deleteRule>NO ACTION</deleteRule>
<referredTableID>C4AAE6EB-DA7E-A3F1-4EB5-199F109D2E72</referredTableID>
<keyObject>0D8B281F-8F22-C1BD-3016-1894F4C0BE7B</keyObject>
<referredKeyID>0D8B281F-8F22-C1BD-3016-1894F4C0BE7B</referredKeyID>
<mandatory>true</mandatory>
<refColNames>Rut_empleado</refColNames>
<transferable>true</transferable>
<rely>false</rely>
<columnDependencyConstraintGenerateInDDL>true</columnDependencyConstraintGenerateInDDL>
</FKIndexAssociation>