<?xml version = '1.0' encoding = 'UTF-8'?>
<FKIndexAssociation class="oracle.dbtools.crest.model.design.relational.FKIndexAssociation" directorySegmentName="seg_0" id="ECCEF52F-69F7-E5A1-7C9E-391CEF36DD48" containerWithKeyObject="033D71CB-8114-7752-69CE-A5A34DDCCC88" localFKIndex="DF61EB78-B173-8E6F-AAEA-5B5DE0864E97" name="VUE_AVION_FK">
<createdBy>FrZxK</createdBy>
<createdTime>2025-08-25 00:06:59 UTC</createdTime>
<generatorID>58598328-5BE5-EB46-3F21-686BB98FEAE0</generatorID>
<ownerDesignName>Exp1_S2_Grupo16</ownerDesignName>
<referredTableLongName>AVION</referredTableLongName>
<deleteRule>NO ACTION</deleteRule>
<referredTableID>AA392723-9540-2A78-DA11-697EEC3D891C</referredTableID>
<keyObject>7C894A10-D82F-65B0-2E0F-616D7956DF1D</keyObject>
<referredKeyID>7C894A10-D82F-65B0-2E0F-616D7956DF1D</referredKeyID>
<mandatory>true</mandatory>
<refColNames>Id_avión</refColNames>
<transferable>true</transferable>
<rely>false</rely>
<columnDependencyConstraintGenerateInDDL>true</columnDependencyConstraintGenerateInDDL>
</FKIndexAssociation>