<?xml version = '1.0' encoding = 'UTF-8'?>
<FKIndexAssociation class="oracle.dbtools.crest.model.design.relational.FKIndexAssociation" directorySegmentName="seg_0" id="EE18DB11-15B1-7973-9EC9-D9A2DC4917A1" containerWithKeyObject="6DEE92B7-B95E-CE8E-594A-EB206DBD39D7" localFKIndex="A3922620-7F8E-3430-0879-A5465EE14D6D" name="RES_VUE_FK">
<createdBy>FrZxK</createdBy>
<createdTime>2025-08-25 00:06:59 UTC</createdTime>
<generatorID>70283FE9-145D-981D-43EB-35CA80FD96BC</generatorID>
<ownerDesignName>Exp1_S2_Grupo16</ownerDesignName>
<referredTableLongName>VUELO</referredTableLongName>
<deleteRule>NO ACTION</deleteRule>
<referredTableID>033D71CB-8114-7752-69CE-A5A34DDCCC88</referredTableID>
<keyObject>64CC3C01-D5D0-FC40-9C90-2A7F6BCE120A</keyObject>
<referredKeyID>64CC3C01-D5D0-FC40-9C90-2A7F6BCE120A</referredKeyID>
<mandatory>true</mandatory>
<refColNames>Id_vuelo</refColNames>
<transferable>true</transferable>
<rely>false</rely>
<columnDependencyConstraintGenerateInDDL>true</columnDependencyConstraintGenerateInDDL>
</FKIndexAssociation>