<?xml version = '1.0' encoding = 'UTF-8'?>
<Diagram class="oracle.dbtools.crest.swingui.logical.DPVLogical" name="Logical" id="825C77BC-5549-3350-BBCF-DBEF2772E8C6">
<createdBy>diego</createdBy>
<modifiedBy>diego</modifiedBy>
<createdTime>2025-08-22 17:13:10 UTC</createdTime>
<autoRoute>false</autoRoute>
<boxInbox>true</boxInbox>
<showLegend>false</showLegend>
<showLabels>false</showLabels>
<showRelAttributes>false</showRelAttributes>
<gridEnabled>false</gridEnabled>
<showGrid>false</showGrid>
<diagramColor>-1</diagramColor>
<display>false</display>
<notation>1</notation>
<objectViews>
<OView class="oracle.dbtools.crest.swingui.logical.TVEntity" oid="15DA84E5-A393-9D36-4361-0871E0659149" otype="Entity" vid="148A553F-B594-230B-979B-E0C6C20DF380">
<hideElementsInCurrentOnly>false</hideElementsInCurrentOnly>
<bounds x="814" y="30" width="260" height="166"/>
</OView>
<OView class="oracle.dbtools.crest.swingui.logical.TVEntity" oid="3C34E88D-127B-1F7A-D534-427B3CEF1ABF" otype="Entity" vid="700A28FD-A592-FAE8-27AB-F9D55CA87F71">
<hideElementsInCurrentOnly>false</hideElementsInCurrentOnly>
<bounds x="427" y="526" width="264" height="196"/>
</OView>
<OView class="oracle.dbtools.crest.swingui.logical.TVEntity" oid="573443FA-48A0-738C-471F-32E778BE867F" otype="Entity" vid="95FEC6E3-BBA1-FEA8-525B-EA87EA6BBF9E">
<hideElementsInCurrentOnly>false</hideElementsInCurrentOnly>
<bounds x="47" y="523" width="255" height="184"/>
</OView>
<OView class="oracle.dbtools.crest.swingui.logical.TVEntity" oid="5DDCBAFB-070B-7D31-3A14-31595D593D51" otype="Entity" vid="298EB033-4D5E-2161-15F4-06DAEAE29C12">
<hideElementsInCurrentOnly>false</hideElementsInCurrentOnly>
<bounds x="426" y="258" width="253" height="207"/>
</OView>
<OView class="oracle.dbtools.crest.swingui.logical.TVEntity" oid="79C7C63F-F18A-3E95-8D22-998AAD464C25" otype="Entity" vid="C16B57D9-3B09-5CEF-E3F2-CE86701ED6CC">
<hideElementsInCurrentOnly>false</hideElementsInCurrentOnly>
<bounds x="799" y="272" width="281" height="168"/>
</OView>
<OView class="oracle.dbtools.crest.swingui.logical.TVEntity" oid="7C04FE1C-CF3E-E6CB-6E1D-25C44996D027" otype="Entity" vid="443011A0-8587-46C7-A86C-3FA06238D674">
<hideElementsInCurrentOnly>false</hideElementsInCurrentOnly>
<bounds x="822" y="521" width="279" height="198"/>
</OView>
<OView class="oracle.dbtools.crest.swingui.logical.TVEntity" oid="E5877186-CB84-C1F3-0EEB-7514E9DD609B" otype="Entity" vid="D7564D17-B45B-CF76-461A-436576EFA864">
<hideElementsInCurrentOnly>false</hideElementsInCurrentOnly>
<bounds x="432" y="23" width="256" height="168"/>
</OView>
<OView class="oracle.dbtools.crest.swingui.logical.TVEntity" oid="EE4E3C65-BE6B-4F45-B3E6-EE50F544362C" otype="Entity" vid="D35669C7-77ED-8A16-F8CF-D980FA8E24BE">
<hideElementsInCurrentOnly>false</hideElementsInCurrentOnly>
<bounds x="59" y="250" width="263" height="203"/>
</OView>
</objectViews>
<connectors>
<Connector class="oracle.dbtools.crest.swingui.logical.TVRelation" oid="19BF7048-91B0-7153-0FD4-8041E430F875" otype="Relation" vid_source="700A28FD-A592-FAE8-27AB-F9D55CA87F71" vid_target="95FEC6E3-BBA1-FEA8-525B-EA87EA6BBF9E">
<hideElementsInCurrentOnly>false</hideElementsInCurrentOnly>
<backgroundColor>-16777216</backgroundColor>
<lineWidth>1</lineWidth>
<points>
<point x="427" y="616"/>
<point x="302" y="616"/>
</points>
</Connector>
<Connector class="oracle.dbtools.crest.swingui.logical.TVRelation" oid="523ED774-55FF-BF9A-2F46-50337BFB21B2" otype="Relation" vid_source="700A28FD-A592-FAE8-27AB-F9D55CA87F71" vid_target="443011A0-8587-46C7-A86C-3FA06238D674">
<hideElementsInCurrentOnly>false</hideElementsInCurrentOnly>
<backgroundColor>-16777216</backgroundColor>
<lineWidth>1</lineWidth>
<points>
<point x="691" y="622"/>
<point x="822" y="622"/>
</points>
</Connector>
<Connector class="oracle.dbtools.crest.swingui.logical.TVRelation" oid="58598328-5BE5-EB46-3F21-686BB98FEAE0" otype="Relation" vid_source="D35669C7-77ED-8A16-F8CF-D980FA8E24BE" vid_target="298EB033-4D5E-2161-15F4-06DAEAE29C12">
<hideElementsInCurrentOnly>false</hideElementsInCurrentOnly>
<backgroundColor>-16777216</backgroundColor>
<lineWidth>1</lineWidth>
<points>
<point x="322" y="355"/>
<point x="426" y="355"/>
</points>
</Connector>
<Connector class="oracle.dbtools.crest.swingui.logical.TVRelation" oid="70283FE9-145D-981D-43EB-35CA80FD96BC" otype="Relation" vid_source="298EB033-4D5E-2161-15F4-06DAEAE29C12" vid_target="C16B57D9-3B09-5CEF-E3F2-CE86701ED6CC">
<hideElementsInCurrentOnly>false</hideElementsInCurrentOnly>
<backgroundColor>-16777216</backgroundColor>
<lineWidth>1</lineWidth>
<points>
<point x="679" y="356"/>
<point x="799" y="356"/>
</points>
</Connector>
<Connector class="oracle.dbtools.crest.swingui.logical.TVRelation" oid="744EAB23-7CA9-4B5F-875F-E26B57D10F0E" otype="Relation" vid_source="700A28FD-A592-FAE8-27AB-F9D55CA87F71" vid_target="C16B57D9-3B09-5CEF-E3F2-CE86701ED6CC">
<hideElementsInCurrentOnly>false</hideElementsInCurrentOnly>
<backgroundColor>-16777216</backgroundColor>
<lineWidth>1</lineWidth>
<points>
<point x="691" y="531"/>
<point x="929" y="440"/>
</points>
</Connector>
<Connector class="oracle.dbtools.crest.swingui.logical.TVRelation" oid="889AB7D1-1E17-207D-EB6C-D58BCD6F0E5F" otype="Relation" vid_source="D7564D17-B45B-CF76-461A-436576EFA864" vid_target="C16B57D9-3B09-5CEF-E3F2-CE86701ED6CC">
<hideElementsInCurrentOnly>false</hideElementsInCurrentOnly>
<backgroundColor>-16777216</backgroundColor>
<lineWidth>1</lineWidth>
<points>
<point x="688" y="190"/>
<point x="928" y="272"/>
</points>
</Connector>
<Connector class="oracle.dbtools.crest.swingui.logical.TVRelation" oid="C172DC8D-A706-26BD-E263-7C7FDB537D91" otype="Relation" vid_source="D7564D17-B45B-CF76-461A-436576EFA864" vid_target="148A553F-B594-230B-979B-E0C6C20DF380">
<hideElementsInCurrentOnly>false</hideElementsInCurrentOnly>
<backgroundColor>-16777216</backgroundColor>
<lineWidth>1</lineWidth>
<points>
<point x="688" y="114"/>
<point x="814" y="115"/>
</points>
</Connector>
</connectors>
</Diagram>