<?xml version = '1.0' encoding = 'UTF-8'?>
<relationalModel class="oracle.dbtools.crest.model.design.relational.RelationalDesign" name="Relational_1" id="BC5FBC0F-3114-B74F-6B19-C165D20E8D9E" mainViewID="A0389CEF-95BF-1F81-8EF1-5ECA37FCFD0E">
<createdBy>diego</createdBy>
<createdTime>2025-09-05 00:02:39 UTC</createdTime>
<ownerDesignName>ProyectoMER_Postulantes</ownerDesignName>
<shouldBeOpen>true</shouldBeOpen>
<selectedRDBMSSite>32076570-2523-435C-2E92-BF29817DFF70</selectedRDBMSSite>
</relationalModel>