<?xml version = '1.0' encoding = 'UTF-8'?>
<Entity class="oracle.dbtools.crest.model.design.logical.Entity" directorySegmentName="seg_0" id="15DA84E5-A393-9D36-4361-0871E0659149" name="EQP">
<createdBy>diego</createdBy>
<createdTime>2025-08-22 19:28:24 UTC</createdTime>
<ownerDesignName>Exp1_S2_Grupo16</ownerDesignName>
<engineerTo>
<item key="7D539259-04D6-036D-1E8B-14CD3112847D" value="true"/>
</engineerTo>
<adequatelyNormalized>NO</adequatelyNormalized>
<expectedVolumes>0</expectedVolumes>
<fwdEngineeringStrategyName>Single Table</fwdEngineeringStrategyName>
<growthPercent>0</growthPercent>
<growthType>Year</growthType>
<maxVolumes>9999999</maxVolumes>
<minVolumes>0</minVolumes>
<normalForm>Third</normalForm>
<preferredAbbreviation>EQP</preferredAbbreviation>
<shortName>EQUIP</shortName>
<source>Diseño lógico del sistema de reservas</source>
<synonym>Maleta, Bolso, Carga</synonym>
<synonymToDisplay>Equipaje</synonymToDisplay>
<attributes itemClass="oracle.dbtools.crest.model.design.logical.Attribute">
<Attribute name="Id equipaje" id="08DD8A43-C60C-E31B-16A4-B8ADD8512CF7">
<createdBy>diego</createdBy>
<createdTime>2025-08-22 19:44:43 UTC</createdTime>
<commentInRDBMS><![CDATA[Código único de la maleta]]></commentInRDBMS>
<ownerDesignName>Exp1_S2_Grupo16</ownerDesignName>
<engineerTo>
<item key="7D539259-04D6-036D-1E8B-14CD3112847D" value="true"/>
</engineerTo>
<useDomainConstraints>false</useDomainConstraints>
<use>1</use>
<logicalDatatype>LOGDT024</logicalDatatype>
<dataTypeSize>10</dataTypeSize>
<ownDataTypeParameters>10,,</ownDataTypeParameters>
</Attribute>
<Attribute name="Color" id="C46A7299-4C9A-9AF4-82E6-9581DFCBA8B6">
<createdBy>diego</createdBy>
<createdTime>2025-08-22 19:45:59 UTC</createdTime>
<commentInRDBMS><![CDATA[Color de la maleta]]></commentInRDBMS>
<ownerDesignName>Exp1_S2_Grupo16</ownerDesignName>
<engineerTo>
<item key="7D539259-04D6-036D-1E8B-14CD3112847D" value="true"/>
</engineerTo>
<useDomainConstraints>false</useDomainConstraints>
<use>1</use>
<logicalDatatype>LOGDT024</logicalDatatype>
<dataTypeSize>30</dataTypeSize>
<ownDataTypeParameters>30,,</ownDataTypeParameters>
</Attribute>
<Attribute name="Peso kg" id="64B84526-FE2A-D681-D4B4-06FD0AD1B581">
<createdBy>diego</createdBy>
<createdTime>2025-08-22 19:47:09 UTC</createdTime>
<commentInRDBMS><![CDATA[Peso en kilogramos]]></commentInRDBMS>
<ownerDesignName>Exp1_S2_Grupo16</ownerDesignName>
<engineerTo>
<item key="7D539259-04D6-036D-1E8B-14CD3112847D" value="true"/>
</engineerTo>
<useDomainConstraints>false</useDomainConstraints>
<use>1</use>
<logicalDatatype>LOGDT026</logicalDatatype>
<dataTypePrecision>5</dataTypePrecision>
<dataTypeScale>2</dataTypeScale>
<ownDataTypeParameters>,5,2</ownDataTypeParameters>
</Attribute>
<Attribute name="Descripción" id="A2A0A4E9-6417-F47F-1B89-FCCD40F0EF25">
<createdBy>diego</createdBy>
<createdTime>2025-08-22 19:51:18 UTC</createdTime>
<commentInRDBMS><![CDATA[Descripción opcional]]></commentInRDBMS>
<ownerDesignName>Exp1_S2_Grupo16</ownerDesignName>
<engineerTo>
<item key="7D539259-04D6-036D-1E8B-14CD3112847D" value="true"/>
</engineerTo>
<nullsAllowed>true</nullsAllowed>
<useDomainConstraints>false</useDomainConstraints>
<use>1</use>
<logicalDatatype>LOGDT024</logicalDatatype>
<dataTypeSize>200</dataTypeSize>
<ownDataTypeParameters>200,,</ownDataTypeParameters>
</Attribute>
<Attribute name="id pasajero" id="198B6BF1-EA0B-97F0-07F5-D9BDA837D36B">
<createdBy>FrZxK</createdBy>
<createdTime>2025-08-24 23:28:53 UTC</createdTime>
<generatorID>C172DC8D-A706-26BD-E263-7C7FDB537D91</generatorID>
<ownerDesignName>Exp1_S2_Grupo16</ownerDesignName>
<engineerTo>
<item key="7D539259-04D6-036D-1E8B-14CD3112847D" value="true"/>
</engineerTo>
<referedAttribute>02B65D3C-39E9-A9FB-3A9A-AE900B3C07BE</referedAttribute>
<useDomainConstraints>false</useDomainConstraints>
<use>1</use>
<logicalDatatype>LOGDT024</logicalDatatype>
<dataTypeSize>15</dataTypeSize>
<ownDataTypeParameters>,,</ownDataTypeParameters>
</Attribute>
</attributes>
<identifiers itemClass="oracle.dbtools.crest.model.design.logical.CandidateKey">
<identifier id="619F8229-0FB2-C364-851D-C461B7FAE620" name="EQP_PK">
<createdBy>diego</createdBy>
<createdTime>2025-08-22 19:45:51 UTC</createdTime>
<ownerDesignName>Exp1_S2_Grupo16</ownerDesignName>
<shouldEngineer>false</shouldEngineer>
<engineerTo>
<item key="7D539259-04D6-036D-1E8B-14CD3112847D" value="false"/>
</engineerTo>
<pk>true</pk>
<usedAttributes>
<attributeRef>08DD8A43-C60C-E31B-16A4-B8ADD8512CF7</attributeRef>
</usedAttributes>
</identifier>
</identifiers>
</Entity>