<?xml version = '1.0' encoding = 'UTF-8'?>
<Entity class="oracle.dbtools.crest.model.design.logical.Entity" directorySegmentName="seg_0" id="3C34E88D-127B-1F7A-D534-427B3CEF1ABF" name="EMP">
<createdBy>diego</createdBy>
<createdTime>2025-08-22 21:10:06 UTC</createdTime>
<ownerDesignName>Exp1_S2_Grupo16</ownerDesignName>
<engineerTo>
<item key="7D539259-04D6-036D-1E8B-14CD3112847D" value="true"/>
</engineerTo>
<adequatelyNormalized>NO</adequatelyNormalized>
<expectedVolumes>0</expectedVolumes>
<fwdEngineeringStrategyName>Single Table</fwdEngineeringStrategyName>
<growthPercent>0</growthPercent>
<growthType>Year</growthType>
<maxVolumes>9999999</maxVolumes>
<minVolumes>0</minVolumes>
<normalForm>Third</normalForm>
<preferredAbbreviation>EMP</preferredAbbreviation>
<shortName>EMP</shortName>
<source>Sistema de Recursos Humanos BT&amp;Airways</source>
<synonym>Trabajador, Personal, Funcionario, Colaborador  </synonym>
<synonymToDisplay>Empleado</synonymToDisplay>
<attributes itemClass="oracle.dbtools.crest.model.design.logical.Attribute">
<Attribute name="Rut empleado" id="DDE3711F-4C37-08EF-7046-21D7A98EF326">
<createdBy>diego</createdBy>
<createdTime>2025-08-22 21:13:54 UTC</createdTime>
<commentInRDBMS><![CDATA[RUT chileno]]></commentInRDBMS>
<ownerDesignName>Exp1_S2_Grupo16</ownerDesignName>
<engineerTo>
<item key="7D539259-04D6-036D-1E8B-14CD3112847D" value="true"/>
</engineerTo>
<useDomainConstraints>false</useDomainConstraints>
<use>1</use>
<logicalDatatype>LOGDT024</logicalDatatype>
<dataTypeSize>12</dataTypeSize>
<ownDataTypeParameters>12,,</ownDataTypeParameters>
</Attribute>
<Attribute name="Nombre completo" id="047DD813-5BA0-5AB8-8224-7B9BDC743C87">
<createdBy>diego</createdBy>
<createdTime>2025-08-22 21:15:14 UTC</createdTime>
<commentInRDBMS><![CDATA[Nombre completo]]></commentInRDBMS>
<ownerDesignName>Exp1_S2_Grupo16</ownerDesignName>
<engineerTo>
<item key="7D539259-04D6-036D-1E8B-14CD3112847D" value="true"/>
</engineerTo>
<useDomainConstraints>false</useDomainConstraints>
<use>1</use>
<logicalDatatype>LOGDT024</logicalDatatype>
<dataTypeSize>100</dataTypeSize>
<ownDataTypeParameters>100,,</ownDataTypeParameters>
</Attribute>
<Attribute name="Dirección" id="F1641D91-7DF9-84AA-3380-BB058183CA8D">
<createdBy>diego</createdBy>
<createdTime>2025-08-22 21:16:28 UTC</createdTime>
<commentInRDBMS><![CDATA[Dirección]]></commentInRDBMS>
<ownerDesignName>Exp1_S2_Grupo16</ownerDesignName>
<engineerTo>
<item key="7D539259-04D6-036D-1E8B-14CD3112847D" value="true"/>
</engineerTo>
<useDomainConstraints>false</useDomainConstraints>
<use>1</use>
<logicalDatatype>LOGDT024</logicalDatatype>
<dataTypeSize>150</dataTypeSize>
<ownDataTypeParameters>150,,</ownDataTypeParameters>
</Attribute>
<Attribute name="Sueldo base" id="67CC4F88-33DE-2754-936B-52CD6CD4D486">
<createdBy>diego</createdBy>
<createdTime>2025-08-22 21:18:24 UTC</createdTime>
<commentInRDBMS><![CDATA[Sueldo mensual]]></commentInRDBMS>
<ownerDesignName>Exp1_S2_Grupo16</ownerDesignName>
<engineerTo>
<item key="7D539259-04D6-036D-1E8B-14CD3112847D" value="true"/>
</engineerTo>
<useDomainConstraints>false</useDomainConstraints>
<use>1</use>
<logicalDatatype>LOGDT026</logicalDatatype>
<dataTypePrecision>10</dataTypePrecision>
<dataTypeScale>2</dataTypeScale>
<ownDataTypeParameters>,10,2</ownDataTypeParameters>
</Attribute>
<Attribute name="Fecha ingreso" id="8F780831-0E89-D426-F32B-9B70591291CF">
<createdBy>diego</createdBy>
<createdTime>2025-08-22 21:19:41 UTC</createdTime>
<commentInRDBMS><![CDATA[Fecha de ingreso a la empresa]]></commentInRDBMS>
<ownerDesignName>Exp1_S2_Grupo16</ownerDesignName>
<engineerTo>
<item key="7D539259-04D6-036D-1E8B-14CD3112847D" value="true"/>
</engineerTo>
<useDomainConstraints>false</useDomainConstraints>
<use>1</use>
<logicalDatatype>LOGDT007</logicalDatatype>
<ownDataTypeParameters>,,</ownDataTypeParameters>
</Attribute>
<Attribute name="Genero" id="CB32BEA4-5FAF-1ACF-6433-9EFACD25E212">
<createdBy>diego</createdBy>
<createdTime>2025-08-22 21:20:54 UTC</createdTime>
<commentInRDBMS><![CDATA[M, F, O]]></commentInRDBMS>
<ownerDesignName>Exp1_S2_Grupo16</ownerDesignName>
<engineerTo>
<item key="7D539259-04D6-036D-1E8B-14CD3112847D" value="true"/>
</engineerTo>
<useDomainConstraints>false</useDomainConstraints>
<use>1</use>
<logicalDatatype>LOGDT025</logicalDatatype>
<dataTypeSize>1</dataTypeSize>
<ownDataTypeParameters>1,,</ownDataTypeParameters>
</Attribute>
<Attribute name="Teléfono movil" id="BE0E416F-EF36-A493-265F-5B93C7C6E04E">
<createdBy>diego</createdBy>
<createdTime>2025-08-22 21:22:24 UTC</createdTime>
<commentInRDBMS><![CDATA[Teléfono principal]]></commentInRDBMS>
<ownerDesignName>Exp1_S2_Grupo16</ownerDesignName>
<engineerTo>
<item key="7D539259-04D6-036D-1E8B-14CD3112847D" value="true"/>
</engineerTo>
<nullsAllowed>true</nullsAllowed>
<useDomainConstraints>false</useDomainConstraints>
<use>1</use>
<logicalDatatype>LOGDT024</logicalDatatype>
<dataTypeSize>20</dataTypeSize>
<ownDataTypeParameters>20,,</ownDataTypeParameters>
</Attribute>
<Attribute name="Teléfono contacto" id="DB18CE7E-B3BD-BE4D-3FEA-B4A9EC7802C3">
<createdBy>diego</createdBy>
<createdTime>2025-08-22 21:23:44 UTC</createdTime>
<commentInRDBMS><![CDATA[Teléfono alternativo]]></commentInRDBMS>
<ownerDesignName>Exp1_S2_Grupo16</ownerDesignName>
<engineerTo>
<item key="7D539259-04D6-036D-1E8B-14CD3112847D" value="true"/>
</engineerTo>
<nullsAllowed>true</nullsAllowed>
<useDomainConstraints>false</useDomainConstraints>
<use>1</use>
<logicalDatatype>LOGDT024</logicalDatatype>
<dataTypeSize>20</dataTypeSize>
<ownDataTypeParameters>20,,</ownDataTypeParameters>
</Attribute>
<Attribute name="Tipo empleado" id="7C01B215-159E-A6A4-FF46-335FD10A1877">
<createdBy>diego</createdBy>
<createdTime>2025-08-22 21:29:26 UTC</createdTime>
<comment><![CDATA[Valores válidos: PI (Piloto), AD (Administrativo)]]></comment>
<commentInRDBMS><![CDATA[CHECK (Tipo_empleado IN ('PI', 'AD'))]]></commentInRDBMS>
<notes><![CDATA[Discriminador para subtipos. PI=Piloto, AD=Administrativo.]]></notes>
<ownerDesignName>Exp1_S2_Grupo16</ownerDesignName>
<engineerTo>
<item key="7D539259-04D6-036D-1E8B-14CD3112847D" value="true"/>
</engineerTo>
<useDomainConstraints>false</useDomainConstraints>
<use>1</use>
<logicalDatatype>LOGDT024</logicalDatatype>
<dataTypeSize>2</dataTypeSize>
<ownDataTypeParameters>2,,</ownDataTypeParameters>
</Attribute>
</attributes>
<identifiers itemClass="oracle.dbtools.crest.model.design.logical.CandidateKey">
<identifier id="F8C4A14B-8AD1-7F73-86D6-1ECBEB60B6E8" name="EMP_PK">
<createdBy>diego</createdBy>
<createdTime>2025-08-22 21:14:56 UTC</createdTime>
<ownerDesignName>Exp1_S2_Grupo16</ownerDesignName>
<shouldEngineer>false</shouldEngineer>
<engineerTo>
<item key="7D539259-04D6-036D-1E8B-14CD3112847D" value="false"/>
</engineerTo>
<pk>true</pk>
<usedAttributes>
<attributeRef>DDE3711F-4C37-08EF-7046-21D7A98EF326</attributeRef>
</usedAttributes>
</identifier>
</identifiers>
</Entity>