<?xml version = '1.0' encoding = 'UTF-8'?>
<Entity class="oracle.dbtools.crest.model.design.logical.Entity" directorySegmentName="seg_0" id="573443FA-48A0-738C-471F-32E778BE867F" name="Piloto">
<createdBy>diego</createdBy>
<createdTime>2025-08-22 21:36:37 UTC</createdTime>
<ownerDesignName>Exp1_S2_Grupo16</ownerDesignName>
<engineerTo>
<item key="7D539259-04D6-036D-1E8B-14CD3112847D" value="true"/>
</engineerTo>
<adequatelyNormalized>NO</adequatelyNormalized>
<expectedVolumes>0</expectedVolumes>
<fwdEngineeringStrategyName>Single Table</fwdEngineeringStrategyName>
<growthPercent>0</growthPercent>
<growthType>Year</growthType>
<maxVolumes>9999999</maxVolumes>
<minVolumes>0</minVolumes>
<normalForm>Third</normalForm>
<shortName>PI</shortName>
<source>BT&amp;Airways - Requerimientos </source>
<synonym>Tripulante, Personal de vuelo</synonym>
<synonymToDisplay>Piloto</synonymToDisplay>
<attributes itemClass="oracle.dbtools.crest.model.design.logical.Attribute">
<Attribute name="Rut empleado" id="0EF12CE5-A43F-CF74-FC0E-4C46EF873B15">
<createdBy>FrZxK</createdBy>
<createdTime>2025-08-24 23:07:42 UTC</createdTime>
<generatorID>19BF7048-91B0-7153-0FD4-8041E430F875</generatorID>
<ownerDesignName>Exp1_S2_Grupo16</ownerDesignName>
<engineerTo>
<item key="7D539259-04D6-036D-1E8B-14CD3112847D" value="true"/>
</engineerTo>
<referedAttribute>DDE3711F-4C37-08EF-7046-21D7A98EF326</referedAttribute>
<useDomainConstraints>false</useDomainConstraints>
<use>1</use>
<logicalDatatype>LOGDT024</logicalDatatype>
<dataTypeSize>12</dataTypeSize>
<ownDataTypeParameters>,,</ownDataTypeParameters>
</Attribute>
<Attribute name="Horas vuelo" id="380F39AE-5ECD-238C-B54D-BF51D1D7120A">
<createdBy>diego</createdBy>
<createdTime>2025-08-22 22:43:36 UTC</createdTime>
<commentInRDBMS><![CDATA[Total acumulado ]]></commentInRDBMS>
<ownerDesignName>Exp1_S2_Grupo16</ownerDesignName>
<engineerTo>
<item key="7D539259-04D6-036D-1E8B-14CD3112847D" value="true"/>
</engineerTo>
<useDomainConstraints>false</useDomainConstraints>
<use>1</use>
<logicalDatatype>LOGDT011</logicalDatatype>
<ownDataTypeParameters>,,</ownDataTypeParameters>
</Attribute>
<Attribute name="AFP" id="5CB05C3E-4B4B-180C-1641-BAD2BB9B3F56">
<createdBy>diego</createdBy>
<createdTime>2025-08-22 22:45:28 UTC</createdTime>
<commentInRDBMS><![CDATA[AFP afiliada]]></commentInRDBMS>
<ownerDesignName>Exp1_S2_Grupo16</ownerDesignName>
<engineerTo>
<item key="7D539259-04D6-036D-1E8B-14CD3112847D" value="true"/>
</engineerTo>
<nullsAllowed>true</nullsAllowed>
<useDomainConstraints>false</useDomainConstraints>
<use>1</use>
<logicalDatatype>LOGDT024</logicalDatatype>
<dataTypeSize>50</dataTypeSize>
<ownDataTypeParameters>50,,</ownDataTypeParameters>
</Attribute>
</attributes>
<identifiers itemClass="oracle.dbtools.crest.model.design.logical.CandidateKey">
<identifier id="6B9DFDB0-CB40-D9F7-E9BF-07D0FD3C817A" name="Piloto PK">
<createdBy>diego</createdBy>
<createdTime>2025-08-22 22:43:29 UTC</createdTime>
<ownerDesignName>Exp1_S2_Grupo16</ownerDesignName>
<shouldEngineer>false</shouldEngineer>
<engineerTo>
<item key="7D539259-04D6-036D-1E8B-14CD3112847D" value="false"/>
</engineerTo>
<pk>true</pk>
<usedAttributes>
<attributeRef>0EF12CE5-A43F-CF74-FC0E-4C46EF873B15</attributeRef>
</usedAttributes>
</identifier>
</identifiers>
</Entity>