<?xml version = '1.0' encoding = 'UTF-8'?>
<Entity class="oracle.dbtools.crest.model.design.logical.Entity" directorySegmentName="seg_0" id="5DDCBAFB-070B-7D31-3A14-31595D593D51" name="VUE">
<createdBy>diego</createdBy>
<createdTime>2025-08-22 17:14:13 UTC</createdTime>
<ownerDesignName>Exp1_S2_Grupo16</ownerDesignName>
<engineerTo>
<item key="7D539259-04D6-036D-1E8B-14CD3112847D" value="true"/>
</engineerTo>
<adequatelyNormalized>NO</adequatelyNormalized>
<expectedVolumes>0</expectedVolumes>
<fwdEngineeringStrategyName>Single Table</fwdEngineeringStrategyName>
<growthPercent>0</growthPercent>
<growthType>Year</growthType>
<maxVolumes>9999999</maxVolumes>
<minVolumes>0</minVolumes>
<normalForm>Third</normalForm>
<preferredAbbreviation>VUE</preferredAbbreviation>
<shortName>VLO</shortName>
<source>Sistema de Reservas  Aéreas</source>
<synonym>Trayecto, Itinerario</synonym>
<synonymToDisplay>Vuelo</synonymToDisplay>
<attributes itemClass="oracle.dbtools.crest.model.design.logical.Attribute">
<Attribute name="Id vuelo" id="B22EB910-AD26-80E5-948D-D2E5DF3A4A42">
<createdBy>diego</createdBy>
<createdTime>2025-08-22 17:20:16 UTC</createdTime>
<commentInRDBMS><![CDATA[Identificador único del vuelo]]></commentInRDBMS>
<ownerDesignName>Exp1_S2_Grupo16</ownerDesignName>
<engineerTo>
<item key="7D539259-04D6-036D-1E8B-14CD3112847D" value="true"/>
</engineerTo>
<useDomainConstraints>false</useDomainConstraints>
<use>1</use>
<logicalDatatype>LOGDT024</logicalDatatype>
<dataTypeSize>10</dataTypeSize>
<ownDataTypeParameters>10,,</ownDataTypeParameters>
</Attribute>
<Attribute name="Fecha despegue" id="3FB4FD68-DAD7-FF19-9BD5-A7C9CA9D9AAA">
<createdBy>diego</createdBy>
<createdTime>2025-08-22 17:23:26 UTC</createdTime>
<commentInRDBMS><![CDATA[Fecha de salida ]]></commentInRDBMS>
<ownerDesignName>Exp1_S2_Grupo16</ownerDesignName>
<engineerTo>
<item key="7D539259-04D6-036D-1E8B-14CD3112847D" value="true"/>
</engineerTo>
<useDomainConstraints>false</useDomainConstraints>
<use>1</use>
<logicalDatatype>LOGDT007</logicalDatatype>
<ownDataTypeParameters>,,</ownDataTypeParameters>
</Attribute>
<Attribute name="Fecha llegada" id="00E10B3F-85DD-2733-19FD-0C1B6C46E7FC">
<createdBy>diego</createdBy>
<createdTime>2025-08-22 17:24:56 UTC</createdTime>
<commentInRDBMS><![CDATA[ Fecha de llegada]]></commentInRDBMS>
<ownerDesignName>Exp1_S2_Grupo16</ownerDesignName>
<engineerTo>
<item key="7D539259-04D6-036D-1E8B-14CD3112847D" value="true"/>
</engineerTo>
<useDomainConstraints>false</useDomainConstraints>
<use>1</use>
<logicalDatatype>LOGDT007</logicalDatatype>
<ownDataTypeParameters>,,</ownDataTypeParameters>
</Attribute>
<Attribute name="Ciudad origen" id="36C5EA97-378A-2064-5E3D-D6FFFBCEB731">
<createdBy>diego</createdBy>
<createdTime>2025-08-22 17:27:32 UTC</createdTime>
<commentInRDBMS><![CDATA[Ciudad de origen]]></commentInRDBMS>
<ownerDesignName>Exp1_S2_Grupo16</ownerDesignName>
<engineerTo>
<item key="7D539259-04D6-036D-1E8B-14CD3112847D" value="true"/>
</engineerTo>
<useDomainConstraints>false</useDomainConstraints>
<use>1</use>
<logicalDatatype>LOGDT024</logicalDatatype>
<dataTypeSize>50</dataTypeSize>
<ownDataTypeParameters>50,,</ownDataTypeParameters>
</Attribute>
<Attribute name="Ciudad destino" id="95B561F7-9182-EF91-9F63-FC4555B14ACF">
<createdBy>diego</createdBy>
<createdTime>2025-08-22 17:29:37 UTC</createdTime>
<commentInRDBMS><![CDATA[Ciudad de destino]]></commentInRDBMS>
<ownerDesignName>Exp1_S2_Grupo16</ownerDesignName>
<engineerTo>
<item key="7D539259-04D6-036D-1E8B-14CD3112847D" value="true"/>
</engineerTo>
<useDomainConstraints>false</useDomainConstraints>
<use>1</use>
<logicalDatatype>LOGDT024</logicalDatatype>
<dataTypeSize>50</dataTypeSize>
<ownDataTypeParameters>50,,</ownDataTypeParameters>
</Attribute>
<Attribute name="Hora salida" id="EF64F078-F2D3-4633-57E2-EFF67306178F">
<createdBy>diego</createdBy>
<createdTime>2025-08-22 17:31:09 UTC</createdTime>
<commentInRDBMS><![CDATA[Hora de salida]]></commentInRDBMS>
<ownerDesignName>Exp1_S2_Grupo16</ownerDesignName>
<engineerTo>
<item key="7D539259-04D6-036D-1E8B-14CD3112847D" value="true"/>
</engineerTo>
<useDomainConstraints>false</useDomainConstraints>
<use>1</use>
<logicalDatatype>LOGDT014</logicalDatatype>
<ownDataTypeParameters>,,</ownDataTypeParameters>
</Attribute>
<Attribute name="Id avión" id="8297B012-0C34-7C2F-91A8-68574ABD978F">
<createdBy>FrZxK</createdBy>
<createdTime>2025-08-24 23:27:37 UTC</createdTime>
<generatorID>58598328-5BE5-EB46-3F21-686BB98FEAE0</generatorID>
<ownerDesignName>Exp1_S2_Grupo16</ownerDesignName>
<engineerTo>
<item key="7D539259-04D6-036D-1E8B-14CD3112847D" value="true"/>
</engineerTo>
<referedAttribute>FF8E70DC-C2E3-6C01-000D-32ED095A1ED2</referedAttribute>
<useDomainConstraints>false</useDomainConstraints>
<use>1</use>
<logicalDatatype>LOGDT024</logicalDatatype>
<dataTypeSize>10</dataTypeSize>
<ownDataTypeParameters>,,</ownDataTypeParameters>
</Attribute>
</attributes>
<identifiers itemClass="oracle.dbtools.crest.model.design.logical.CandidateKey">
<identifier id="1FB3478F-E756-F07A-11D8-48102D006961" name="VUE_PK">
<createdBy>diego</createdBy>
<createdTime>2025-08-22 17:22:03 UTC</createdTime>
<ownerDesignName>Exp1_S2_Grupo16</ownerDesignName>
<shouldEngineer>false</shouldEngineer>
<engineerTo>
<item key="7D539259-04D6-036D-1E8B-14CD3112847D" value="false"/>
</engineerTo>
<pk>true</pk>
<usedAttributes>
<attributeRef>B22EB910-AD26-80E5-948D-D2E5DF3A4A42</attributeRef>
</usedAttributes>
</identifier>
</identifiers>
</Entity>