<?xml version = '1.0' encoding = 'UTF-8'?>
<Entity class="oracle.dbtools.crest.model.design.logical.Entity" directorySegmentName="seg_0" id="79C7C63F-F18A-3E95-8D22-998AAD464C25" name="RES">
<createdBy>diego</createdBy>
<createdTime>2025-08-22 19:02:51 UTC</createdTime>
<ownerDesignName>Exp1_S2_Grupo16</ownerDesignName>
<engineerTo>
<item key="7D539259-04D6-036D-1E8B-14CD3112847D" value="true"/>
</engineerTo>
<adequatelyNormalized>NO</adequatelyNormalized>
<expectedVolumes>0</expectedVolumes>
<fwdEngineeringStrategyName>Single Table</fwdEngineeringStrategyName>
<growthPercent>0</growthPercent>
<growthType>Year</growthType>
<maxVolumes>9999999</maxVolumes>
<minVolumes>0</minVolumes>
<normalForm>Third</normalForm>
<preferredAbbreviation>RES</preferredAbbreviation>
<shortName>RES</shortName>
<source>Módulo de Reservas del Sistema</source>
<synonym>Solicitud, Registro de viaje, Confirmación</synonym>
<synonymToDisplay>Reserva</synonymToDisplay>
<attributes itemClass="oracle.dbtools.crest.model.design.logical.Attribute">
<Attribute name="Id reserva" id="D9F6599C-A99E-9936-0B6E-796C761D6954">
<createdBy>diego</createdBy>
<createdTime>2025-08-22 19:06:28 UTC</createdTime>
<commentInRDBMS><![CDATA[Identificador único de la reserva]]></commentInRDBMS>
<ownerDesignName>Exp1_S2_Grupo16</ownerDesignName>
<engineerTo>
<item key="7D539259-04D6-036D-1E8B-14CD3112847D" value="true"/>
</engineerTo>
<useDomainConstraints>false</useDomainConstraints>
<use>1</use>
<logicalDatatype>LOGDT024</logicalDatatype>
<dataTypeSize>10</dataTypeSize>
<ownDataTypeParameters>10,,</ownDataTypeParameters>
</Attribute>
<Attribute name="Fecha reserva" id="A57A4DA9-5F20-D09D-45D9-95FC4BAB2835">
<createdBy>diego</createdBy>
<createdTime>2025-08-22 19:07:20 UTC</createdTime>
<commentInRDBMS><![CDATA[Fecha en que se realiza la reserva]]></commentInRDBMS>
<ownerDesignName>Exp1_S2_Grupo16</ownerDesignName>
<engineerTo>
<item key="7D539259-04D6-036D-1E8B-14CD3112847D" value="true"/>
</engineerTo>
<useDomainConstraints>false</useDomainConstraints>
<use>1</use>
<logicalDatatype>LOGDT007</logicalDatatype>
<ownDataTypeParameters>,,</ownDataTypeParameters>
</Attribute>
<Attribute name="Fecha viaje" id="3DB99F20-469F-AD45-D15C-1145A7E4A4F1">
<createdBy>diego</createdBy>
<createdTime>2025-08-22 19:09:13 UTC</createdTime>
<commentInRDBMS><![CDATA[Fecha del vuelo reservado]]></commentInRDBMS>
<ownerDesignName>Exp1_S2_Grupo16</ownerDesignName>
<engineerTo>
<item key="7D539259-04D6-036D-1E8B-14CD3112847D" value="true"/>
</engineerTo>
<useDomainConstraints>false</useDomainConstraints>
<use>1</use>
<logicalDatatype>LOGDT007</logicalDatatype>
<ownDataTypeParameters>,,</ownDataTypeParameters>
</Attribute>
<Attribute name="Estado" id="A43BE3AA-5A0B-DCC6-1651-AD1C344D2555">
<createdBy>diego</createdBy>
<createdTime>2025-08-22 19:11:00 UTC</createdTime>
<commentInRDBMS><![CDATA[confirmado o nulo]]></commentInRDBMS>
<ownerDesignName>Exp1_S2_Grupo16</ownerDesignName>
<engineerTo>
<item key="7D539259-04D6-036D-1E8B-14CD3112847D" value="true"/>
</engineerTo>
<useDomainConstraints>false</useDomainConstraints>
<use>1</use>
<logicalDatatype>LOGDT024</logicalDatatype>
<dataTypeSize>2</dataTypeSize>
<ownDataTypeParameters>2,,</ownDataTypeParameters>
</Attribute>
<Attribute name="id pasajero" id="F4D6F320-733C-8016-88BE-E9B0541DBE96">
<createdBy>FrZxK</createdBy>
<createdTime>2025-08-24 23:25:11 UTC</createdTime>
<generatorID>889AB7D1-1E17-207D-EB6C-D58BCD6F0E5F</generatorID>
<ownerDesignName>Exp1_S2_Grupo16</ownerDesignName>
<engineerTo>
<item key="7D539259-04D6-036D-1E8B-14CD3112847D" value="true"/>
</engineerTo>
<referedAttribute>02B65D3C-39E9-A9FB-3A9A-AE900B3C07BE</referedAttribute>
<useDomainConstraints>false</useDomainConstraints>
<use>1</use>
<logicalDatatype>LOGDT024</logicalDatatype>
<dataTypeSize>15</dataTypeSize>
<ownDataTypeParameters>,,</ownDataTypeParameters>
</Attribute>
<Attribute name="Id vuelo" id="F9516161-4892-2964-58FC-AC4231A5F1B2">
<createdBy>FrZxK</createdBy>
<createdTime>2025-08-24 23:26:54 UTC</createdTime>
<generatorID>70283FE9-145D-981D-43EB-35CA80FD96BC</generatorID>
<ownerDesignName>Exp1_S2_Grupo16</ownerDesignName>
<engineerTo>
<item key="7D539259-04D6-036D-1E8B-14CD3112847D" value="true"/>
</engineerTo>
<referedAttribute>B22EB910-AD26-80E5-948D-D2E5DF3A4A42</referedAttribute>
<useDomainConstraints>false</useDomainConstraints>
<use>1</use>
<logicalDatatype>LOGDT024</logicalDatatype>
<dataTypeSize>10</dataTypeSize>
<ownDataTypeParameters>,,</ownDataTypeParameters>
</Attribute>
<Attribute name="Rut empleado" id="229F6EAA-D12E-0496-3D12-5E6DB7D9D4F2">
<createdBy>FrZxK</createdBy>
<createdTime>2025-08-24 23:30:33 UTC</createdTime>
<generatorID>744EAB23-7CA9-4B5F-875F-E26B57D10F0E</generatorID>
<ownerDesignName>Exp1_S2_Grupo16</ownerDesignName>
<engineerTo>
<item key="7D539259-04D6-036D-1E8B-14CD3112847D" value="true"/>
</engineerTo>
<referedAttribute>DDE3711F-4C37-08EF-7046-21D7A98EF326</referedAttribute>
<useDomainConstraints>false</useDomainConstraints>
<use>1</use>
<logicalDatatype>LOGDT024</logicalDatatype>
<dataTypeSize>12</dataTypeSize>
<ownDataTypeParameters>,,</ownDataTypeParameters>
</Attribute>
</attributes>
<identifiers itemClass="oracle.dbtools.crest.model.design.logical.CandidateKey">
<identifier id="F032C776-882E-1EEE-CDED-6AEBDAFA0A7C" name="RES_PK">
<createdBy>diego</createdBy>
<createdTime>2025-08-22 19:07:02 UTC</createdTime>
<ownerDesignName>Exp1_S2_Grupo16</ownerDesignName>
<shouldEngineer>false</shouldEngineer>
<engineerTo>
<item key="7D539259-04D6-036D-1E8B-14CD3112847D" value="false"/>
</engineerTo>
<pk>true</pk>
<usedAttributes>
<attributeRef>D9F6599C-A99E-9936-0B6E-796C761D6954</attributeRef>
</usedAttributes>
</identifier>
</identifiers>
</Entity>