<?xml version = '1.0' encoding = 'UTF-8'?>
<Entity class="oracle.dbtools.crest.model.design.logical.Entity" directorySegmentName="seg_0" id="7C04FE1C-CF3E-E6CB-6E1D-25C44996D027" name="ADMIN">
<createdBy>diego</createdBy>
<createdTime>2025-08-22 22:54:20 UTC</createdTime>
<ownerDesignName>Exp1_S2_Grupo16</ownerDesignName>
<engineerTo>
<item key="7D539259-04D6-036D-1E8B-14CD3112847D" value="true"/>
</engineerTo>
<adequatelyNormalized>NO</adequatelyNormalized>
<expectedVolumes>0</expectedVolumes>
<fwdEngineeringStrategyName>Single Table</fwdEngineeringStrategyName>
<growthPercent>0</growthPercent>
<growthType>Year</growthType>
<maxVolumes>9999999</maxVolumes>
<minVolumes>0</minVolumes>
<normalForm>Third</normalForm>
<preferredAbbreviation>ADMIN</preferredAbbreviation>
<shortName>AD</shortName>
<source>Sistema de Recursos Humanos BT&amp;Airways</source>
<synonym>Funcionario, Empleado administrativo, Personal de oficina</synonym>
<synonymToDisplay>Administrativo</synonymToDisplay>
<attributes itemClass="oracle.dbtools.crest.model.design.logical.Attribute">
<Attribute name="Rut empleado" id="C543E2F4-6DB9-64A3-4AE5-F4A89DB43C00">
<createdBy>FrZxK</createdBy>
<createdTime>2025-08-24 23:08:56 UTC</createdTime>
<generatorID>523ED774-55FF-BF9A-2F46-50337BFB21B2</generatorID>
<ownerDesignName>Exp1_S2_Grupo16</ownerDesignName>
<engineerTo>
<item key="7D539259-04D6-036D-1E8B-14CD3112847D" value="true"/>
</engineerTo>
<referedAttribute>DDE3711F-4C37-08EF-7046-21D7A98EF326</referedAttribute>
<useDomainConstraints>false</useDomainConstraints>
<use>1</use>
<logicalDatatype>LOGDT024</logicalDatatype>
<dataTypeSize>12</dataTypeSize>
<ownDataTypeParameters>,,</ownDataTypeParameters>
</Attribute>
<Attribute name="Horas extra" id="45B43EA1-41F3-9820-4C79-AA0FCAB53D2B">
<createdBy>diego</createdBy>
<createdTime>2025-08-22 23:10:14 UTC</createdTime>
<commentInRDBMS><![CDATA[Total acumulado]]></commentInRDBMS>
<ownerDesignName>Exp1_S2_Grupo16</ownerDesignName>
<engineerTo>
<item key="7D539259-04D6-036D-1E8B-14CD3112847D" value="true"/>
</engineerTo>
<useDomainConstraints>false</useDomainConstraints>
<use>1</use>
<logicalDatatype>LOGDT011</logicalDatatype>
<ownDataTypeParameters>,,</ownDataTypeParameters>
</Attribute>
<Attribute name="AFP" id="37151654-7148-6B19-AC79-98E0008DD872">
<createdBy>diego</createdBy>
<createdTime>2025-08-22 23:11:53 UTC</createdTime>
<commentInRDBMS><![CDATA[AFP afiliada]]></commentInRDBMS>
<ownerDesignName>Exp1_S2_Grupo16</ownerDesignName>
<engineerTo>
<item key="7D539259-04D6-036D-1E8B-14CD3112847D" value="true"/>
</engineerTo>
<useDomainConstraints>false</useDomainConstraints>
<use>1</use>
<logicalDatatype>LOGDT024</logicalDatatype>
<dataTypeSize>50</dataTypeSize>
<ownDataTypeParameters>50,,</ownDataTypeParameters>
</Attribute>
</attributes>
<identifiers itemClass="oracle.dbtools.crest.model.design.logical.CandidateKey">
<identifier id="DABFD0DA-E950-111A-4C29-211595EF9F40" name="ADMIN_PK">
<createdBy>diego</createdBy>
<createdTime>2025-08-22 23:09:30 UTC</createdTime>
<ownerDesignName>Exp1_S2_Grupo16</ownerDesignName>
<shouldEngineer>false</shouldEngineer>
<engineerTo>
<item key="7D539259-04D6-036D-1E8B-14CD3112847D" value="false"/>
</engineerTo>
<pk>true</pk>
<usedAttributes>
<attributeRef>C543E2F4-6DB9-64A3-4AE5-F4A89DB43C00</attributeRef>
</usedAttributes>
</identifier>
</identifiers>
</Entity>