<?xml version = '1.0' encoding = 'UTF-8'?>
<Entity class="oracle.dbtools.crest.model.design.logical.Entity" directorySegmentName="seg_0" id="E5877186-CB84-C1F3-0EEB-7514E9DD609B" name="PAS">
<createdBy>diego</createdBy>
<createdTime>2025-08-22 17:36:11 UTC</createdTime>
<ownerDesignName>Exp1_S2_Grupo16</ownerDesignName>
<engineerTo>
<item key="7D539259-04D6-036D-1E8B-14CD3112847D" value="true"/>
</engineerTo>
<adequatelyNormalized>NO</adequatelyNormalized>
<expectedVolumes>0</expectedVolumes>
<fwdEngineeringStrategyName>Single Table</fwdEngineeringStrategyName>
<growthPercent>0</growthPercent>
<growthType>Year</growthType>
<maxVolumes>9999999</maxVolumes>
<minVolumes>0</minVolumes>
<normalForm>Third</normalForm>
<preferredAbbreviation>PAS</preferredAbbreviation>
<shortName>PAS</shortName>
<source>Base de Datos de Clientes</source>
<synonym>Cliente, Usuario, Viajero</synonym>
<synonymToDisplay>Pasajero</synonymToDisplay>
<attributes itemClass="oracle.dbtools.crest.model.design.logical.Attribute">
<Attribute name="id pasajero" id="02B65D3C-39E9-A9FB-3A9A-AE900B3C07BE">
<createdBy>diego</createdBy>
<createdTime>2025-08-22 17:42:53 UTC</createdTime>
<commentInRDBMS><![CDATA[Cédula o pasaporte]]></commentInRDBMS>
<ownerDesignName>Exp1_S2_Grupo16</ownerDesignName>
<engineerTo>
<item key="7D539259-04D6-036D-1E8B-14CD3112847D" value="true"/>
</engineerTo>
<useDomainConstraints>false</useDomainConstraints>
<use>1</use>
<logicalDatatype>LOGDT024</logicalDatatype>
<dataTypeSize>15</dataTypeSize>
<ownDataTypeParameters>15,,</ownDataTypeParameters>
</Attribute>
<Attribute name="nombre completo" id="A0E20E67-35EB-08A9-B0CE-F26EB5512B94">
<createdBy>diego</createdBy>
<createdTime>2025-08-22 17:44:49 UTC</createdTime>
<commentInRDBMS><![CDATA[Nombre completo]]></commentInRDBMS>
<ownerDesignName>Exp1_S2_Grupo16</ownerDesignName>
<engineerTo>
<item key="7D539259-04D6-036D-1E8B-14CD3112847D" value="true"/>
</engineerTo>
<useDomainConstraints>false</useDomainConstraints>
<use>1</use>
<logicalDatatype>LOGDT024</logicalDatatype>
<dataTypeSize>100</dataTypeSize>
<ownDataTypeParameters>100,,</ownDataTypeParameters>
</Attribute>
<Attribute name="fecha nacimiento" id="5D85FF7F-FCD6-266E-4084-597B18A6D224">
<createdBy>diego</createdBy>
<createdTime>2025-08-22 17:46:01 UTC</createdTime>
<commentInRDBMS><![CDATA[Fecha de nacimiento]]></commentInRDBMS>
<ownerDesignName>Exp1_S2_Grupo16</ownerDesignName>
<engineerTo>
<item key="7D539259-04D6-036D-1E8B-14CD3112847D" value="true"/>
</engineerTo>
<useDomainConstraints>false</useDomainConstraints>
<use>1</use>
<logicalDatatype>LOGDT007</logicalDatatype>
<ownDataTypeParameters>,,</ownDataTypeParameters>
</Attribute>
<Attribute name="nacionalidad" id="C88C11AE-AAEF-02E3-0C72-316F88594435">
<createdBy>diego</createdBy>
<createdTime>2025-08-22 17:48:48 UTC</createdTime>
<commentInRDBMS><![CDATA[País de origen]]></commentInRDBMS>
<ownerDesignName>Exp1_S2_Grupo16</ownerDesignName>
<engineerTo>
<item key="7D539259-04D6-036D-1E8B-14CD3112847D" value="true"/>
</engineerTo>
<useDomainConstraints>false</useDomainConstraints>
<use>1</use>
<logicalDatatype>LOGDT024</logicalDatatype>
<dataTypeSize>50</dataTypeSize>
<ownDataTypeParameters>50,,</ownDataTypeParameters>
</Attribute>
<Attribute name="telefono contacto" id="389F4639-19CB-4115-6B82-0B216DB3D2DD">
<createdBy>diego</createdBy>
<createdTime>2025-08-22 17:50:16 UTC</createdTime>
<commentInRDBMS><![CDATA[Teléfono del pasajero]]></commentInRDBMS>
<ownerDesignName>Exp1_S2_Grupo16</ownerDesignName>
<engineerTo>
<item key="7D539259-04D6-036D-1E8B-14CD3112847D" value="true"/>
</engineerTo>
<nullsAllowed>true</nullsAllowed>
<useDomainConstraints>false</useDomainConstraints>
<use>1</use>
<logicalDatatype>LOGDT024</logicalDatatype>
<dataTypeSize>20</dataTypeSize>
<ownDataTypeParameters>20,,</ownDataTypeParameters>
</Attribute>
<Attribute name="correo electronico" id="C70BDF19-8D89-B775-7595-1AFC39392FAB">
<createdBy>diego</createdBy>
<createdTime>2025-08-22 17:52:33 UTC</createdTime>
<commentInRDBMS><![CDATA[Email si lo proporciona]]></commentInRDBMS>
<ownerDesignName>Exp1_S2_Grupo16</ownerDesignName>
<engineerTo>
<item key="7D539259-04D6-036D-1E8B-14CD3112847D" value="true"/>
</engineerTo>
<nullsAllowed>true</nullsAllowed>
<useDomainConstraints>false</useDomainConstraints>
<use>1</use>
<logicalDatatype>LOGDT024</logicalDatatype>
<dataTypeSize>100</dataTypeSize>
<ownDataTypeParameters>100,,</ownDataTypeParameters>
</Attribute>
</attributes>
<identifiers itemClass="oracle.dbtools.crest.model.design.logical.CandidateKey">
<identifier id="DE8A5270-0D63-FD1D-4457-C42B30D341E4" name="PAS_PK">
<createdBy>diego</createdBy>
<createdTime>2025-08-22 17:44:01 UTC</createdTime>
<ownerDesignName>Exp1_S2_Grupo16</ownerDesignName>
<shouldEngineer>false</shouldEngineer>
<engineerTo>
<item key="7D539259-04D6-036D-1E8B-14CD3112847D" value="false"/>
</engineerTo>
<pk>true</pk>
<usedAttributes>
<attributeRef>02B65D3C-39E9-A9FB-3A9A-AE900B3C07BE</attributeRef>
</usedAttributes>
</identifier>
</identifiers>
</Entity>