<?xml version = '1.0' encoding = 'UTF-8'?>
<Entity class="oracle.dbtools.crest.model.design.logical.Entity" directorySegmentName="seg_0" id="EE4E3C65-BE6B-4F45-B3E6-EE50F544362C" name="AVION">
<createdBy>diego</createdBy>
<createdTime>2025-08-22 20:51:22 UTC</createdTime>
<ownerDesignName>Exp1_S2_Grupo16</ownerDesignName>
<engineerTo>
<item key="7D539259-04D6-036D-1E8B-14CD3112847D" value="true"/>
</engineerTo>
<adequatelyNormalized>NO</adequatelyNormalized>
<expectedVolumes>0</expectedVolumes>
<fwdEngineeringStrategyName>Single Table</fwdEngineeringStrategyName>
<growthPercent>0</growthPercent>
<growthType>Year</growthType>
<maxVolumes>9999999</maxVolumes>
<minVolumes>0</minVolumes>
<normalForm>Third</normalForm>
<preferredAbbreviation>AVION</preferredAbbreviation>
<shortName>AVN</shortName>
<source>Sistema de Gestión de Flota Aérea</source>
<synonym>Aeronave, Unidad de vuelo, Equipo aéreo</synonym>
<synonymToDisplay>Avión</synonymToDisplay>
<attributes itemClass="oracle.dbtools.crest.model.design.logical.Attribute">
<Attribute name="Id avión" id="FF8E70DC-C2E3-6C01-000D-32ED095A1ED2">
<createdBy>diego</createdBy>
<createdTime>2025-08-22 21:02:17 UTC</createdTime>
<commentInRDBMS><![CDATA[Matrícula única]]></commentInRDBMS>
<ownerDesignName>Exp1_S2_Grupo16</ownerDesignName>
<engineerTo>
<item key="7D539259-04D6-036D-1E8B-14CD3112847D" value="true"/>
</engineerTo>
<useDomainConstraints>false</useDomainConstraints>
<use>1</use>
<logicalDatatype>LOGDT024</logicalDatatype>
<dataTypeSize>10</dataTypeSize>
<ownDataTypeParameters>10,,</ownDataTypeParameters>
</Attribute>
<Attribute name="Marca" id="D38CA6A0-BE32-60FE-E6C8-9CA2A107D479">
<createdBy>diego</createdBy>
<createdTime>2025-08-22 21:05:46 UTC</createdTime>
<commentInRDBMS><![CDATA[Marca del avión]]></commentInRDBMS>
<ownerDesignName>Exp1_S2_Grupo16</ownerDesignName>
<engineerTo>
<item key="7D539259-04D6-036D-1E8B-14CD3112847D" value="true"/>
</engineerTo>
<useDomainConstraints>false</useDomainConstraints>
<use>1</use>
<logicalDatatype>LOGDT024</logicalDatatype>
<dataTypeSize>50</dataTypeSize>
<ownDataTypeParameters>50,,</ownDataTypeParameters>
</Attribute>
<Attribute name="Modelo" id="C4C036B1-8368-B2A2-09C1-A50D7D8EBF48">
<createdBy>diego</createdBy>
<createdTime>2025-08-22 21:07:07 UTC</createdTime>
<commentInRDBMS><![CDATA[Modelo del avión]]></commentInRDBMS>
<ownerDesignName>Exp1_S2_Grupo16</ownerDesignName>
<engineerTo>
<item key="7D539259-04D6-036D-1E8B-14CD3112847D" value="true"/>
</engineerTo>
<useDomainConstraints>false</useDomainConstraints>
<use>1</use>
<logicalDatatype>LOGDT024</logicalDatatype>
<dataTypeSize>50</dataTypeSize>
<ownDataTypeParameters>50,,</ownDataTypeParameters>
</Attribute>
<Attribute name="Capacidad" id="9676BE7E-5A0A-815D-EFB4-1ACF8D5C5CFE">
<createdBy>diego</createdBy>
<createdTime>2025-08-22 21:07:49 UTC</createdTime>
<commentInRDBMS><![CDATA[Entre 200 y 800]]></commentInRDBMS>
<ownerDesignName>Exp1_S2_Grupo16</ownerDesignName>
<engineerTo>
<item key="7D539259-04D6-036D-1E8B-14CD3112847D" value="true"/>
</engineerTo>
<useDomainConstraints>false</useDomainConstraints>
<use>1</use>
<logicalDatatype>LOGDT011</logicalDatatype>
<ownDataTypeParameters>,,</ownDataTypeParameters>
</Attribute>
</attributes>
<identifiers itemClass="oracle.dbtools.crest.model.design.logical.CandidateKey">
<identifier id="D3ECB6D4-C6CA-DCE9-EB3E-185D76540F7F" name="AVION_PK">
<createdBy>diego</createdBy>
<createdTime>2025-08-22 21:02:54 UTC</createdTime>
<ownerDesignName>Exp1_S2_Grupo16</ownerDesignName>
<shouldEngineer>false</shouldEngineer>
<engineerTo>
<item key="7D539259-04D6-036D-1E8B-14CD3112847D" value="false"/>
</engineerTo>
<pk>true</pk>
<usedAttributes>
<attributeRef>FF8E70DC-C2E3-6C01-000D-32ED095A1ED2</attributeRef>
</usedAttributes>
</identifier>
</identifiers>
</Entity>