<?xml version = '1.0' encoding = 'UTF-8'?>
<Relation class="oracle.dbtools.crest.model.design.logical.Relation" name="Empleado_Piloto" directorySegmentName="seg_0" id="19BF7048-91B0-7153-0FD4-8041E430F875">
<createdBy>FrZxK</createdBy>
<createdTime>2025-08-24 23:07:42 UTC</createdTime>
<ownerDesignName>Exp1_S2_Grupo16</ownerDesignName>
<engineerTo>
<item key="7D539259-04D6-036D-1E8B-14CD3112847D" value="true"/>
</engineerTo>
<sourcePk>F8C4A14B-8AD1-7F73-86D6-1ECBEB60B6E8</sourcePk>
<targetPk>6B9DFDB0-CB40-D9F7-E9BF-07D0FD3C817A</targetPk>
<identifying>false</identifying>
<optionalSource>true</optionalSource>
<optionalTarget>false</optionalTarget>
<sourceCardinality>1</sourceCardinality>
<sourceEntity>3C34E88D-127B-1F7A-D534-427B3CEF1ABF</sourceEntity>
<targetCardinalityString>1</targetCardinalityString>
<targetEntity>573443FA-48A0-738C-471F-32E778BE867F</targetEntity>
<transferable>true</transferable>
<deleteRule>NO ACTION</deleteRule>
</Relation>