<?xml version = '1.0' encoding = 'UTF-8'?>
<Relation class="oracle.dbtools.crest.model.design.logical.Relation" name="Empleado_Administrativo" directorySegmentName="seg_0" id="523ED774-55FF-BF9A-2F46-50337BFB21B2">
<createdBy>FrZxK</createdBy>
<createdTime>2025-08-24 23:08:56 UTC</createdTime>
<ownerDesignName>Exp1_S2_Grupo16</ownerDesignName>
<engineerTo>
<item key="7D539259-04D6-036D-1E8B-14CD3112847D" value="true"/>
</engineerTo>
<sourcePk>F8C4A14B-8AD1-7F73-86D6-1ECBEB60B6E8</sourcePk>
<targetPk>DABFD0DA-E950-111A-4C29-211595EF9F40</targetPk>
<identifying>false</identifying>
<optionalSource>true</optionalSource>
<optionalTarget>false</optionalTarget>
<sourceCardinality>1</sourceCardinality>
<sourceEntity>3C34E88D-127B-1F7A-D534-427B3CEF1ABF</sourceEntity>
<targetCardinalityString>1</targetCardinalityString>
<targetEntity>7C04FE1C-CF3E-E6CB-6E1D-25C44996D027</targetEntity>
<transferable>true</transferable>
<deleteRule>NO ACTION</deleteRule>
</Relation>