<?xml version = '1.0' encoding = 'UTF-8'?>
<Relation class="oracle.dbtools.crest.model.design.logical.Relation" name="Avión_Vuelo" directorySegmentName="seg_0" id="58598328-5BE5-EB46-3F21-686BB98FEAE0">
<createdBy>FrZxK</createdBy>
<createdTime>2025-08-24 23:27:37 UTC</createdTime>
<ownerDesignName>Exp1_S2_Grupo16</ownerDesignName>
<engineerTo>
<item key="7D539259-04D6-036D-1E8B-14CD3112847D" value="true"/>
</engineerTo>
<sourcePk>D3ECB6D4-C6CA-DCE9-EB3E-185D76540F7F</sourcePk>
<targetPk>1FB3478F-E756-F07A-11D8-48102D006961</targetPk>
<identifying>true</identifying>
<optionalSource>true</optionalSource>
<optionalTarget>false</optionalTarget>
<sourceCardinality>1</sourceCardinality>
<sourceEntity>EE4E3C65-BE6B-4F45-B3E6-EE50F544362C</sourceEntity>
<targetCardinalityString>*</targetCardinalityString>
<targetEntity>5DDCBAFB-070B-7D31-3A14-31595D593D51</targetEntity>
<transferable>true</transferable>
<deleteRule>NO ACTION</deleteRule>
</Relation>