<?xml version = '1.0' encoding = 'UTF-8'?>
<Relation class="oracle.dbtools.crest.model.design.logical.Relation" name="Vuelo_Reserva" directorySegmentName="seg_0" id="70283FE9-145D-981D-43EB-35CA80FD96BC">
<createdBy>FrZxK</createdBy>
<createdTime>2025-08-24 23:26:54 UTC</createdTime>
<ownerDesignName>Exp1_S2_Grupo16</ownerDesignName>
<engineerTo>
<item key="7D539259-04D6-036D-1E8B-14CD3112847D" value="true"/>
</engineerTo>
<sourcePk>1FB3478F-E756-F07A-11D8-48102D006961</sourcePk>
<targetPk>F032C776-882E-1EEE-CDED-6AEBDAFA0A7C</targetPk>
<identifying>true</identifying>
<optionalSource>true</optionalSource>
<optionalTarget>false</optionalTarget>
<sourceCardinality>1</sourceCardinality>
<sourceEntity>5DDCBAFB-070B-7D31-3A14-31595D593D51</sourceEntity>
<targetCardinalityString>*</targetCardinalityString>
<targetEntity>79C7C63F-F18A-3E95-8D22-998AAD464C25</targetEntity>
<transferable>true</transferable>
<deleteRule>NO ACTION</deleteRule>
</Relation>