<?xml version = '1.0' encoding = 'UTF-8'?>
<Relation class="oracle.dbtools.crest.model.design.logical.Relation" name="Empleado_Reserva" directorySegmentName="seg_0" id="744EAB23-7CA9-4B5F-875F-E26B57D10F0E">
<createdBy>FrZxK</createdBy>
<createdTime>2025-08-24 23:30:33 UTC</createdTime>
<ownerDesignName>Exp1_S2_Grupo16</ownerDesignName>
<engineerTo>
<item key="7D539259-04D6-036D-1E8B-14CD3112847D" value="true"/>
</engineerTo>
<sourcePk>F8C4A14B-8AD1-7F73-86D6-1ECBEB60B6E8</sourcePk>
<targetPk>F032C776-882E-1EEE-CDED-6AEBDAFA0A7C</targetPk>
<identifying>true</identifying>
<optionalSource>true</optionalSource>
<optionalTarget>false</optionalTarget>
<sourceCardinality>1</sourceCardinality>
<sourceEntity>3C34E88D-127B-1F7A-D534-427B3CEF1ABF</sourceEntity>
<targetCardinalityString>*</targetCardinalityString>
<targetEntity>79C7C63F-F18A-3E95-8D22-998AAD464C25</targetEntity>
<transferable>true</transferable>
<deleteRule>NO ACTION</deleteRule>
</Relation>