<?xml version = '1.0' encoding = 'UTF-8'?>
<Relation class="oracle.dbtools.crest.model.design.logical.Relation" name="Pasajero_Reserva" directorySegmentName="seg_0" id="889AB7D1-1E17-207D-EB6C-D58BCD6F0E5F">
<createdBy>FrZxK</createdBy>
<createdTime>2025-08-24 23:25:11 UTC</createdTime>
<ownerDesignName>Exp1_S2_Grupo16</ownerDesignName>
<engineerTo>
<item key="7D539259-04D6-036D-1E8B-14CD3112847D" value="true"/>
</engineerTo>
<sourcePk>DE8A5270-0D63-FD1D-4457-C42B30D341E4</sourcePk>
<targetPk>F032C776-882E-1EEE-CDED-6AEBDAFA0A7C</targetPk>
<identifying>true</identifying>
<optionalSource>true</optionalSource>
<optionalTarget>false</optionalTarget>
<sourceCardinality>1</sourceCardinality>
<sourceEntity>E5877186-CB84-C1F3-0EEB-7514E9DD609B</sourceEntity>
<targetCardinalityString>*</targetCardinalityString>
<targetEntity>79C7C63F-F18A-3E95-8D22-998AAD464C25</targetEntity>
<transferable>true</transferable>
<deleteRule>NO ACTION</deleteRule>
</Relation>