<?xml version = '1.0' encoding = 'UTF-8'?>
<Relation class="oracle.dbtools.crest.model.design.logical.Relation" name="Pasajero_Equipaje" directorySegmentName="seg_0" id="C172DC8D-A706-26BD-E263-7C7FDB537D91">
<createdBy>FrZxK</createdBy>
<createdTime>2025-08-24 23:28:53 UTC</createdTime>
<ownerDesignName>Exp1_S2_Grupo16</ownerDesignName>
<engineerTo>
<item key="7D539259-04D6-036D-1E8B-14CD3112847D" value="true"/>
</engineerTo>
<sourcePk>DE8A5270-0D63-FD1D-4457-C42B30D341E4</sourcePk>
<targetPk>619F8229-0FB2-C364-851D-C461B7FAE620</targetPk>
<identifying>true</identifying>
<optionalSource>true</optionalSource>
<optionalTarget>false</optionalTarget>
<sourceCardinality>1</sourceCardinality>
<sourceEntity>E5877186-CB84-C1F3-0EEB-7514E9DD609B</sourceEntity>
<targetCardinalityString>*</targetCardinalityString>
<targetEntity>15DA84E5-A393-9D36-4361-0871E0659149</targetEntity>
<transferable>true</transferable>
<deleteRule>NO ACTION</deleteRule>
</Relation>