<?xml version = '1.0' encoding = 'UTF-8'?>
<FKIndexAssociation class="oracle.dbtools.crest.model.design.relational.FKIndexAssociation" directorySegmentName="seg_0" id="0BACC187-6FF9-42E0-0491-61B858B13D36" containerWithKeyObject="8C96602E-9F65-8DF8-9CC3-3242A0276484" localFKIndex="BDE37971-FEDC-6A5F-AB2F-690B0208947A" name="EMPRESA_Titulo_Profesional_FK">
<createdBy>FrZxK</createdBy>
<createdTime>2025-09-07 21:19:03 UTC</createdTime>
<generatorID>0C617035-BE6D-C938-2C9F-97C6A67F213A</generatorID>
<ownerDesignName>ProyectoMER_Postulantes</ownerDesignName>
<referredTableLongName>Titulo_Profesional</referredTableLongName>
<deleteRule>NO ACTION</deleteRule>
<referredTableID>5EFF384C-43CC-34B6-04A9-BA04AB793443</referredTableID>
<keyObject>E3C691F3-4380-7FD2-413C-EBFBC4F70807</keyObject>
<referredKeyID>E3C691F3-4380-7FD2-413C-EBFBC4F70807</referredKeyID>
<mandatory>false</mandatory>
<refColNames>id_titulo</refColNames>
<transferable>true</transferable>
<rely>false</rely>
<columnDependencyConstraintGenerateInDDL>true</columnDependencyConstraintGenerateInDDL>
</FKIndexAssociation>