<?xml version = '1.0' encoding = 'UTF-8'?>
<FKIndexAssociation class="oracle.dbtools.crest.model.design.relational.FKIndexAssociation" directorySegmentName="seg_0" id="12E353FF-2693-7BD4-D7C1-566A8A3E0D0F" containerWithKeyObject="5EFF384C-43CC-34B6-04A9-BA04AB793443" localFKIndex="134D9144-7B15-F848-0930-4E12931C3142" name="Titulo_Profesional_PROFESION_FK">
<createdBy>FrZxK</createdBy>
<createdTime>2025-09-07 21:19:03 UTC</createdTime>
<generatorID>E6AD5214-37EC-24E4-044E-05B565678C2A</generatorID>
<ownerDesignName>ProyectoMER_Postulantes</ownerDesignName>
<referredTableLongName>PROFESION</referredTableLongName>
<deleteRule>NO ACTION</deleteRule>
<referredTableID>C8AFB23D-C8D8-BA42-EBD8-242AB11C95EE</referredTableID>
<keyObject>AA981FB1-9026-EE71-EA7B-351F293703EC</keyObject>
<referredKeyID>AA981FB1-9026-EE71-EA7B-351F293703EC</referredKeyID>
<mandatory>true</mandatory>
<refColNames>id_profesion</refColNames>
<transferable>true</transferable>
<rely>false</rely>
<columnDependencyConstraintGenerateInDDL>true</columnDependencyConstraintGenerateInDDL>
</FKIndexAssociation>