<?xml version = '1.0' encoding = 'UTF-8'?>
<FKIndexAssociation class="oracle.dbtools.crest.model.design.relational.FKIndexAssociation" directorySegmentName="seg_0" id="3AAEF60A-4C84-489B-8CBA-23EB1436B32D" containerWithKeyObject="8C96602E-9F65-8DF8-9CC3-3242A0276484" localFKIndex="42C4B344-B360-7005-ABE4-009ED2AF2D6A" name="EMPRESA_Postulacion_FK">
<createdBy>FrZxK</createdBy>
<createdTime>2025-09-07 20:07:54 UTC</createdTime>
<generatorID>2CAC635F-2276-B30C-07F9-D7BB73AB5804</generatorID>
<ownerDesignName>ProyectoMER_Postulantes</ownerDesignName>
<referredTableLongName>Postulacion</referredTableLongName>
<deleteRule>NO ACTION</deleteRule>
<referredTableID>09E5D223-4792-BAE2-026D-F88103F3B459</referredTableID>
<keyObject>EBF9E4E9-4BF9-9E38-7DF1-E8EEEE3DF87B</keyObject>
<referredKeyID>EBF9E4E9-4BF9-9E38-7DF1-E8EEEE3DF87B</referredKeyID>
<mandatory>true</mandatory>
<refColNames>id_postulacion</refColNames>
<transferable>true</transferable>
<rely>false</rely>
<columnDependencyConstraintGenerateInDDL>true</columnDependencyConstraintGenerateInDDL>
</FKIndexAssociation>