<?xml version = '1.0' encoding = 'UTF-8'?>
<FKIndexAssociation class="oracle.dbtools.crest.model.design.relational.FKIndexAssociation" directorySegmentName="seg_0" id="4256DB76-6024-171F-A052-B4B1F2671DCC" containerWithKeyObject="09E5D223-4792-BAE2-026D-F88103F3B459" localFKIndex="1DCD3B2E-4D99-0EC1-A1DE-00ACD7307CC0" name="Postulacion_EMPRESA_FK">
<createdBy>FrZxK</createdBy>
<createdTime>2025-09-07 21:19:03 UTC</createdTime>
<generatorID>508E2D6C-9792-7757-9114-79875586D902</generatorID>
<ownerDesignName>ProyectoMER_Postulantes</ownerDesignName>
<referredTableLongName>EMPRESA</referredTableLongName>
<deleteRule>NO ACTION</deleteRule>
<referredTableID>8C96602E-9F65-8DF8-9CC3-3242A0276484</referredTableID>
<keyObject>5C819A27-980F-C4A9-35EB-3DED22EA0AA8</keyObject>
<referredKeyID>5C819A27-980F-C4A9-35EB-3DED22EA0AA8</referredKeyID>
<mandatory>true</mandatory>
<refColNames>id_empresa</refColNames>
<transferable>true</transferable>
<rely>false</rely>
<columnDependencyConstraintGenerateInDDL>true</columnDependencyConstraintGenerateInDDL>
</FKIndexAssociation>