<?xml version = '1.0' encoding = 'UTF-8'?>
<FKIndexAssociation class="oracle.dbtools.crest.model.design.relational.FKIndexAssociation" directorySegmentName="seg_0" id="72CF15D0-7CA4-657E-C258-A6F365568D92" containerWithKeyObject="8BC7ED41-D50B-8CA5-44E9-0EABDBE7752B" localFKIndex="00EF580B-486C-7A88-C8A3-1A63B69D9141" name="POSTULANTE_grado_academico_FK">
<createdBy>FrZxK</createdBy>
<createdTime>2025-09-07 19:40:29 UTC</createdTime>
<generatorID>C05F7079-AFDF-F6DB-7373-BBA5C9A9B2A6</generatorID>
<ownerDesignName>ProyectoMER_Postulantes</ownerDesignName>
<referredTableLongName>grado_academico</referredTableLongName>
<deleteRule>NO ACTION</deleteRule>
<referredTableID>8E88C89B-0759-8E26-70A0-C346C47947C5</referredTableID>
<keyObject>C90BF8FF-4AE7-917D-1C81-374281E8F369</keyObject>
<referredKeyID>C90BF8FF-4AE7-917D-1C81-374281E8F369</referredKeyID>
<mandatory>true</mandatory>
<refColNames>id_grado_academico</refColNames>
<transferable>true</transferable>
<rely>false</rely>
<columnDependencyConstraintGenerateInDDL>true</columnDependencyConstraintGenerateInDDL>
</FKIndexAssociation>