<?xml version = '1.0' encoding = 'UTF-8'?>
<FKIndexAssociation class="oracle.dbtools.crest.model.design.relational.FKIndexAssociation" directorySegmentName="seg_0" id="86623B8F-4708-083A-D4ED-D857B6A5CB6D" containerWithKeyObject="09E5D223-4792-BAE2-026D-F88103F3B459" localFKIndex="CAB50873-00D6-E61D-5438-D1CAFD20157F" name="Postulacion_POSTULANTE_FK">
<createdBy>diego</createdBy>
<createdTime>2025-09-05 01:25:48 UTC</createdTime>
<generatorID>7BE640BE-548C-D9EF-CE7A-CC88D61232B3</generatorID>
<ownerDesignName>ProyectoMER_Postulantes</ownerDesignName>
<referredTableLongName>POSTULANTE</referredTableLongName>
<deleteRule>NO ACTION</deleteRule>
<referredTableID>8BC7ED41-D50B-8CA5-44E9-0EABDBE7752B</referredTableID>
<keyObject>AE1A9769-16F6-9518-B792-55065A06F13A</keyObject>
<referredKeyID>AE1A9769-16F6-9518-B792-55065A06F13A</referredKeyID>
<mandatory>true</mandatory>
<refColNames>id_postulante</refColNames>
<transferable>true</transferable>
<rely>false</rely>
<columnDependencyConstraintGenerateInDDL>true</columnDependencyConstraintGenerateInDDL>
</FKIndexAssociation>