<?xml version = '1.0' encoding = 'UTF-8'?>
<FKIndexAssociation class="oracle.dbtools.crest.model.design.relational.FKIndexAssociation" directorySegmentName="seg_0" id="8C8C50B4-987C-A447-0A0E-7F03DE454BCC" containerWithKeyObject="5EFF384C-43CC-34B6-04A9-BA04AB793443" localFKIndex="8B3EF135-D806-558E-E069-4295DA116400" name="Titulo_Profesional_POSTULANTE_FK">
<createdBy>FrZxK</createdBy>
<createdTime>2025-09-07 19:40:29 UTC</createdTime>
<generatorID>C2D585F5-66E7-F6D0-DADB-C753419477A4</generatorID>
<ownerDesignName>ProyectoMER_Postulantes</ownerDesignName>
<referredTableLongName>POSTULANTE</referredTableLongName>
<deleteRule>NO ACTION</deleteRule>
<referredTableID>8BC7ED41-D50B-8CA5-44E9-0EABDBE7752B</referredTableID>
<keyObject>AE1A9769-16F6-9518-B792-55065A06F13A</keyObject>
<referredKeyID>AE1A9769-16F6-9518-B792-55065A06F13A</referredKeyID>
<mandatory>true</mandatory>
<refColNames>id_postulante</refColNames>
<transferable>true</transferable>
<rely>false</rely>
<columnDependencyConstraintGenerateInDDL>true</columnDependencyConstraintGenerateInDDL>
</FKIndexAssociation>