<?xml version = '1.0' encoding = 'UTF-8'?>
<FKIndexAssociation class="oracle.dbtools.crest.model.design.relational.FKIndexAssociation" directorySegmentName="seg_0" id="A29E0241-E0B9-F695-E402-FB94ADFC7311" containerWithKeyObject="C8AFB23D-C8D8-BA42-EBD8-242AB11C95EE" localFKIndex="F0CA2DE2-8D26-0046-C9CB-A3822BB6A78B" name="PROFESION_Titulo_Profesional_FK">
<createdBy>FrZxK</createdBy>
<createdTime>2025-09-07 20:07:54 UTC</createdTime>
<generatorID>2F62CD61-B019-6506-2D62-1B2BD11F945E</generatorID>
<ownerDesignName>ProyectoMER_Postulantes</ownerDesignName>
<referredTableLongName>Titulo_Profesional</referredTableLongName>
<deleteRule>NO ACTION</deleteRule>
<referredTableID>5EFF384C-43CC-34B6-04A9-BA04AB793443</referredTableID>
<keyObject>E3C691F3-4380-7FD2-413C-EBFBC4F70807</keyObject>
<referredKeyID>E3C691F3-4380-7FD2-413C-EBFBC4F70807</referredKeyID>
<mandatory>true</mandatory>
<refColNames>id_titulo</refColNames>
<transferable>true</transferable>
<rely>false</rely>
<columnDependencyConstraintGenerateInDDL>true</columnDependencyConstraintGenerateInDDL>
</FKIndexAssociation>