<?xml version = '1.0' encoding = 'UTF-8'?>
<Entity class="oracle.dbtools.crest.model.design.logical.Entity" directorySegmentName="seg_0" id="20EE1F6A-9C2A-B9A2-AB81-AF9839B2E560" name="grado academico">
<createdBy>diego</createdBy>
<createdTime>2025-09-05 01:04:21 UTC</createdTime>
<ownerDesignName>ProyectoMER_Postulantes</ownerDesignName>
<engineerTo>
<item key="BC5FBC0F-3114-B74F-6B19-C165D20E8D9E" value="true"/>
</engineerTo>
<adequatelyNormalized>NO</adequatelyNormalized>
<expectedVolumes>0</expectedVolumes>
<fwdEngineeringStrategyName>Single Table</fwdEngineeringStrategyName>
<growthPercent>0</growthPercent>
<growthType>Year</growthType>
<maxVolumes>9999999</maxVolumes>
<minVolumes>0</minVolumes>
<normalForm>Third</normalForm>
<attributes itemClass="oracle.dbtools.crest.model.design.logical.Attribute">
<Attribute name="id grado academico" id="C5DA1E2E-AB33-D8A2-C38C-FCCD2AA89C64">
<createdBy>diego</createdBy>
<createdTime>2025-09-05 01:04:48 UTC</createdTime>
<ownerDesignName>ProyectoMER_Postulantes</ownerDesignName>
<engineerTo>
<item key="BC5FBC0F-3114-B74F-6B19-C165D20E8D9E" value="true"/>
</engineerTo>
<useDomainConstraints>false</useDomainConstraints>
<use>1</use>
<logicalDatatype>LOGDT011</logicalDatatype>
<ownDataTypeParameters>,,</ownDataTypeParameters>
</Attribute>
<Attribute name="nombre grado" id="0D01DB29-88C5-BB50-99E7-BC4553531372">
<createdBy>diego</createdBy>
<createdTime>2025-09-05 01:06:09 UTC</createdTime>
<commentInRDBMS><![CDATA[ALTER TABLE grado_academico 
ADD CONSTRAINT chk_nombre_grado 
CHECK (nombre_grado IN ('Licenciado', 'Magíster', 'Doctorado'));]]></commentInRDBMS>
<ownerDesignName>ProyectoMER_Postulantes</ownerDesignName>
<engineerTo>
<item key="BC5FBC0F-3114-B74F-6B19-C165D20E8D9E" value="true"/>
</engineerTo>
<nullsAllowed>true</nullsAllowed>
<useDomainConstraints>false</useDomainConstraints>
<use>1</use>
<logicalDatatype>LOGDT024</logicalDatatype>
<dataTypeSize>20 CHAR</dataTypeSize>
<ownDataTypeParameters>20 CHAR,,</ownDataTypeParameters>
</Attribute>
</attributes>
<identifiers itemClass="oracle.dbtools.crest.model.design.logical.CandidateKey">
<identifier id="636C5B85-590F-0075-7400-5F2EC5127D04" name="grado_academico_PK">
<createdBy>diego</createdBy>
<createdTime>2025-09-05 01:17:34 UTC</createdTime>
<ownerDesignName>ProyectoMER_Postulantes</ownerDesignName>
<shouldEngineer>false</shouldEngineer>
<engineerTo>
<item key="BC5FBC0F-3114-B74F-6B19-C165D20E8D9E" value="false"/>
</engineerTo>
<pk>true</pk>
<usedAttributes>
<attributeRef>C5DA1E2E-AB33-D8A2-C38C-FCCD2AA89C64</attributeRef>
</usedAttributes>
</identifier>
</identifiers>
</Entity>