<?xml version = '1.0' encoding = 'UTF-8'?>
<Entity class="oracle.dbtools.crest.model.design.logical.Entity" directorySegmentName="seg_0" id="47233DFB-D248-1063-C733-FEBA870DBD21" name="EMPRESA">
<createdBy>diego</createdBy>
<createdTime>2025-09-05 00:25:08 UTC</createdTime>
<ownerDesignName>ProyectoMER_Postulantes</ownerDesignName>
<engineerTo>
<item key="BC5FBC0F-3114-B74F-6B19-C165D20E8D9E" value="true"/>
</engineerTo>
<adequatelyNormalized>NO</adequatelyNormalized>
<expectedVolumes>0</expectedVolumes>
<fwdEngineeringStrategyName>Single Table</fwdEngineeringStrategyName>
<growthPercent>0</growthPercent>
<growthType>Year</growthType>
<maxVolumes>9999999</maxVolumes>
<minVolumes>0</minVolumes>
<normalForm>Third</normalForm>
<attributes itemClass="oracle.dbtools.crest.model.design.logical.Attribute">
<Attribute name="id empresa" id="4A9BA48E-6F13-37BF-0CB5-4CBE0265AAD8">
<createdBy>diego</createdBy>
<createdTime>2025-09-05 00:41:56 UTC</createdTime>
<ownerDesignName>ProyectoMER_Postulantes</ownerDesignName>
<engineerTo>
<item key="BC5FBC0F-3114-B74F-6B19-C165D20E8D9E" value="true"/>
</engineerTo>
<useDomainConstraints>false</useDomainConstraints>
<use>1</use>
<logicalDatatype>LOGDT011</logicalDatatype>
<ownDataTypeParameters>,,</ownDataTypeParameters>
</Attribute>
<Attribute name="id titulo" id="63FB3D8B-CB07-063E-4AF3-35DED12AEF0F">
<createdBy>FrZxK</createdBy>
<createdTime>2025-09-07 20:21:32 UTC</createdTime>
<generatorID>0C617035-BE6D-C938-2C9F-97C6A67F213A</generatorID>
<ownerDesignName>ProyectoMER_Postulantes</ownerDesignName>
<engineerTo>
<item key="BC5FBC0F-3114-B74F-6B19-C165D20E8D9E" value="true"/>
</engineerTo>
<nullsAllowed>true</nullsAllowed>
<referedAttribute>92996FCF-B06D-5986-300A-B01C6DC85C41</referedAttribute>
<useDomainConstraints>false</useDomainConstraints>
<use>1</use>
<logicalDatatype>LOGDT011</logicalDatatype>
<ownDataTypeParameters>,,</ownDataTypeParameters>
</Attribute>
<Attribute name="sigla" id="6755E481-7DF8-2B1D-E2C3-1CD8055CD3FA">
<createdBy>diego</createdBy>
<createdTime>2025-09-05 00:45:40 UTC</createdTime>
<commentInRDBMS><![CDATA[ALTER TABLE empresa 
ADD CONSTRAINT unq_sigla UNIQUE (sigla);
ALTER TABLE empresa 
ADD CONSTRAINT chk_sigla_format 
CHECK (REGEXP_LIKE(sigla, '^[a-z]{3}$'));]]></commentInRDBMS>
<ownerDesignName>ProyectoMER_Postulantes</ownerDesignName>
<engineerTo>
<item key="BC5FBC0F-3114-B74F-6B19-C165D20E8D9E" value="true"/>
</engineerTo>
<nullsAllowed>true</nullsAllowed>
<useDomainConstraints>false</useDomainConstraints>
<use>1</use>
<logicalDatatype>LOGDT024</logicalDatatype>
<dataTypeSize>5 CHAR</dataTypeSize>
<ownDataTypeParameters>5 CHAR,,</ownDataTypeParameters>
</Attribute>
<Attribute name="nombre empresa" id="59FA9E15-85F1-8038-AAEF-37E7D92FAA33">
<createdBy>diego</createdBy>
<createdTime>2025-09-05 00:46:29 UTC</createdTime>
<ownerDesignName>ProyectoMER_Postulantes</ownerDesignName>
<engineerTo>
<item key="BC5FBC0F-3114-B74F-6B19-C165D20E8D9E" value="true"/>
</engineerTo>
<useDomainConstraints>false</useDomainConstraints>
<use>1</use>
<logicalDatatype>LOGDT024</logicalDatatype>
<dataTypeSize>100 CHAR</dataTypeSize>
<ownDataTypeParameters>100 CHAR,,</ownDataTypeParameters>
</Attribute>
<Attribute name="direccion" id="52BEF2DB-8EED-CA3B-A024-A38FBF28AA0A">
<createdBy>diego</createdBy>
<createdTime>2025-09-05 00:47:45 UTC</createdTime>
<ownerDesignName>ProyectoMER_Postulantes</ownerDesignName>
<engineerTo>
<item key="BC5FBC0F-3114-B74F-6B19-C165D20E8D9E" value="true"/>
</engineerTo>
<useDomainConstraints>false</useDomainConstraints>
<use>1</use>
<logicalDatatype>LOGDT024</logicalDatatype>
<dataTypeSize>150 CHAR</dataTypeSize>
<ownDataTypeParameters>150 CHAR,,</ownDataTypeParameters>
</Attribute>
<Attribute name="ciudad" id="E096288F-0F55-34BF-0DB5-D6376AE47644">
<createdBy>diego</createdBy>
<createdTime>2025-09-05 00:48:34 UTC</createdTime>
<ownerDesignName>ProyectoMER_Postulantes</ownerDesignName>
<engineerTo>
<item key="BC5FBC0F-3114-B74F-6B19-C165D20E8D9E" value="true"/>
</engineerTo>
<useDomainConstraints>false</useDomainConstraints>
<use>1</use>
<logicalDatatype>LOGDT024</logicalDatatype>
<dataTypeSize>50 CHAR</dataTypeSize>
<ownDataTypeParameters>50 CHAR,,</ownDataTypeParameters>
</Attribute>
<Attribute name="pais" id="1E07E4F1-586D-607E-9009-9ACEB6067C63">
<createdBy>diego</createdBy>
<createdTime>2025-09-05 00:48:52 UTC</createdTime>
<ownerDesignName>ProyectoMER_Postulantes</ownerDesignName>
<engineerTo>
<item key="BC5FBC0F-3114-B74F-6B19-C165D20E8D9E" value="true"/>
</engineerTo>
<useDomainConstraints>false</useDomainConstraints>
<use>1</use>
<logicalDatatype>LOGDT024</logicalDatatype>
<dataTypeSize>50 CHAR</dataTypeSize>
<ownDataTypeParameters>50 CHAR,,</ownDataTypeParameters>
</Attribute>
<Attribute name="remuneracion maxima" id="2DEA9F96-0A51-E2BB-F963-8E76539B03F3">
<createdBy>diego</createdBy>
<createdTime>2025-09-05 00:50:01 UTC</createdTime>
<commentInRDBMS><![CDATA[ALTER TABLE empresa 
ADD CONSTRAINT chk_remuneracion_maxima 
CHECK (remuneracion_maxima BETWEEN 1850000 AND 4800000);]]></commentInRDBMS>
<ownerDesignName>ProyectoMER_Postulantes</ownerDesignName>
<engineerTo>
<item key="BC5FBC0F-3114-B74F-6B19-C165D20E8D9E" value="true"/>
</engineerTo>
<nullsAllowed>true</nullsAllowed>
<useDomainConstraints>false</useDomainConstraints>
<use>1</use>
<logicalDatatype>LOGDT026</logicalDatatype>
<dataTypePrecision>10</dataTypePrecision>
<dataTypeScale>2</dataTypeScale>
<ownDataTypeParameters>,10,2</ownDataTypeParameters>
</Attribute>
</attributes>
<identifiers itemClass="oracle.dbtools.crest.model.design.logical.CandidateKey">
<identifier id="43B3BBD7-A561-D564-6949-148F64A18BAB" name="EMPRESA_PKv1">
<createdBy>FrZxK</createdBy>
<createdTime>2025-09-07 19:02:27 UTC</createdTime>
<ownerDesignName>ProyectoMER_Postulantes</ownerDesignName>
<shouldEngineer>false</shouldEngineer>
<engineerTo>
<item key="BC5FBC0F-3114-B74F-6B19-C165D20E8D9E" value="false"/>
</engineerTo>
<pk>true</pk>
<usedAttributes>
<attributeRef>4A9BA48E-6F13-37BF-0CB5-4CBE0265AAD8</attributeRef>
</usedAttributes>
</identifier>
</identifiers>
</Entity>