<?xml version = '1.0' encoding = 'UTF-8'?>
<Entity class="oracle.dbtools.crest.model.design.logical.Entity" directorySegmentName="seg_0" id="84A3A442-7A14-98D6-F08C-3498A931F258" name="POSTULANTE">
<createdBy>diego</createdBy>
<createdTime>2025-09-05 00:03:07 UTC</createdTime>
<ownerDesignName>ProyectoMER_Postulantes</ownerDesignName>
<engineerTo>
<item key="BC5FBC0F-3114-B74F-6B19-C165D20E8D9E" value="true"/>
</engineerTo>
<adequatelyNormalized>NO</adequatelyNormalized>
<expectedVolumes>0</expectedVolumes>
<fwdEngineeringStrategyName>Single Table</fwdEngineeringStrategyName>
<growthPercent>0</growthPercent>
<growthType>Year</growthType>
<maxVolumes>9999999</maxVolumes>
<minVolumes>0</minVolumes>
<normalForm>Third</normalForm>
<attributes itemClass="oracle.dbtools.crest.model.design.logical.Attribute">
<Attribute name="id postulante" id="B83E8B4B-EC80-6DA2-AD2D-30305409CFBE">
<createdBy>diego</createdBy>
<createdTime>2025-09-05 00:04:06 UTC</createdTime>
<ownerDesignName>ProyectoMER_Postulantes</ownerDesignName>
<engineerTo>
<item key="BC5FBC0F-3114-B74F-6B19-C165D20E8D9E" value="true"/>
</engineerTo>
<useDomainConstraints>false</useDomainConstraints>
<use>1</use>
<logicalDatatype>LOGDT011</logicalDatatype>
<ownDataTypeParameters>,,</ownDataTypeParameters>
</Attribute>
<Attribute name="id grado academico" id="26270BCB-2470-19DE-B7EA-BDA71C4D1E55">
<createdBy>FrZxK</createdBy>
<createdTime>2025-09-07 18:57:00 UTC</createdTime>
<generatorID>C05F7079-AFDF-F6DB-7373-BBA5C9A9B2A6</generatorID>
<ownerDesignName>ProyectoMER_Postulantes</ownerDesignName>
<engineerTo>
<item key="BC5FBC0F-3114-B74F-6B19-C165D20E8D9E" value="true"/>
</engineerTo>
<referedAttribute>C5DA1E2E-AB33-D8A2-C38C-FCCD2AA89C64</referedAttribute>
<useDomainConstraints>false</useDomainConstraints>
<use>1</use>
<logicalDatatype>LOGDT011</logicalDatatype>
<ownDataTypeParameters>,,</ownDataTypeParameters>
</Attribute>
<Attribute name="folio postulante" id="E709B0CB-BC49-D05B-DD79-BD51E7A61D30">
<createdBy>diego</createdBy>
<createdTime>2025-09-05 00:06:30 UTC</createdTime>
<commentInRDBMS><![CDATA[ALTER TABLE postulante 
ADD CONSTRAINT unq_folio_postulante 
UNIQUE (folio_postulante);]]></commentInRDBMS>
<ownerDesignName>ProyectoMER_Postulantes</ownerDesignName>
<engineerTo>
<item key="BC5FBC0F-3114-B74F-6B19-C165D20E8D9E" value="true"/>
</engineerTo>
<useDomainConstraints>false</useDomainConstraints>
<use>1</use>
<logicalDatatype>LOGDT024</logicalDatatype>
<dataTypeSize>10 CHAR</dataTypeSize>
<ownDataTypeParameters>10 CHAR,,</ownDataTypeParameters>
</Attribute>
<Attribute name="nombre" id="06D5A91F-3A87-8EDD-EFFD-0F6D6A6C622C">
<createdBy>diego</createdBy>
<createdTime>2025-09-05 00:08:10 UTC</createdTime>
<ownerDesignName>ProyectoMER_Postulantes</ownerDesignName>
<engineerTo>
<item key="BC5FBC0F-3114-B74F-6B19-C165D20E8D9E" value="true"/>
</engineerTo>
<useDomainConstraints>false</useDomainConstraints>
<use>1</use>
<logicalDatatype>LOGDT024</logicalDatatype>
<dataTypeSize>100 CHAR</dataTypeSize>
<ownDataTypeParameters>100 CHAR,,</ownDataTypeParameters>
</Attribute>
<Attribute name="apellido" id="966497BB-72E4-7535-B366-EFD9DDE8A6C7">
<createdBy>diego</createdBy>
<createdTime>2025-09-05 00:08:47 UTC</createdTime>
<ownerDesignName>ProyectoMER_Postulantes</ownerDesignName>
<engineerTo>
<item key="BC5FBC0F-3114-B74F-6B19-C165D20E8D9E" value="true"/>
</engineerTo>
<useDomainConstraints>false</useDomainConstraints>
<use>1</use>
<logicalDatatype>LOGDT024</logicalDatatype>
<dataTypeSize>100 CHAR</dataTypeSize>
<ownDataTypeParameters>100 CHAR,,</ownDataTypeParameters>
</Attribute>
<Attribute name="fecha nacimiento" id="CE61CB11-BA1D-2535-927D-44A479566101">
<createdBy>diego</createdBy>
<createdTime>2025-09-05 00:10:22 UTC</createdTime>
<commentInRDBMS><![CDATA[ALTER TABLE postulante 
ADD CONSTRAINT chk_edad_minima 
CHECK (fecha_nacimiento <= ADD_MONTHS(SYSDATE, -18*12));]]></commentInRDBMS>
<ownerDesignName>ProyectoMER_Postulantes</ownerDesignName>
<engineerTo>
<item key="BC5FBC0F-3114-B74F-6B19-C165D20E8D9E" value="true"/>
</engineerTo>
<useDomainConstraints>false</useDomainConstraints>
<use>1</use>
<logicalDatatype>LOGDT007</logicalDatatype>
<ownDataTypeParameters>,,</ownDataTypeParameters>
</Attribute>
<Attribute name="genero" id="15EA09FE-F8DE-2839-F5AA-0A526FB478BF">
<createdBy>diego</createdBy>
<createdTime>2025-09-05 00:14:15 UTC</createdTime>
<commentInRDBMS><![CDATA[ALTER TABLE postulante
ADD CONSTRAINT chk_genero
CHECK (genero IN ('Masculino', 'Femenino', 'Otro'));]]></commentInRDBMS>
<ownerDesignName>ProyectoMER_Postulantes</ownerDesignName>
<engineerTo>
<item key="BC5FBC0F-3114-B74F-6B19-C165D20E8D9E" value="true"/>
</engineerTo>
<useDomainConstraints>false</useDomainConstraints>
<use>1</use>
<logicalDatatype>LOGDT024</logicalDatatype>
<dataTypeSize>10 CHAR</dataTypeSize>
<ownDataTypeParameters>10 CHAR,,</ownDataTypeParameters>
</Attribute>
<Attribute name="estado civil" id="74D1BF61-7999-5940-10DE-6700F126C1F2">
<createdBy>diego</createdBy>
<createdTime>2025-09-05 00:14:45 UTC</createdTime>
<commentInRDBMS><![CDATA[ALTER TABLE postulante 
ADD CONSTRAINT chk_estado_civil 
CHECK (estado_civil IN ('Soltero', 'Casado', 'Divorciado', 'Viudo', 'Unión Civil'));]]></commentInRDBMS>
<ownerDesignName>ProyectoMER_Postulantes</ownerDesignName>
<engineerTo>
<item key="BC5FBC0F-3114-B74F-6B19-C165D20E8D9E" value="true"/>
</engineerTo>
<useDomainConstraints>false</useDomainConstraints>
<use>1</use>
<logicalDatatype>LOGDT024</logicalDatatype>
<dataTypeSize>15 CHAR</dataTypeSize>
<ownDataTypeParameters>15 CHAR,,</ownDataTypeParameters>
</Attribute>
<Attribute name="email" id="D6441726-80AE-FEA9-D478-1F6B5FA4E1A3">
<createdBy>diego</createdBy>
<createdTime>2025-09-05 00:16:10 UTC</createdTime>
<commentInRDBMS><![CDATA[ALTER TABLE postulante 
ADD CONSTRAINT chk_email_format 
CHECK (REGEXP_LIKE(email, '^[A-Za-z0-9._%+-]+@[A-Za-z0-9.-]+\.[A-Za-z]{2,}$'));]]></commentInRDBMS>
<ownerDesignName>ProyectoMER_Postulantes</ownerDesignName>
<engineerTo>
<item key="BC5FBC0F-3114-B74F-6B19-C165D20E8D9E" value="true"/>
</engineerTo>
<useDomainConstraints>false</useDomainConstraints>
<use>1</use>
<logicalDatatype>LOGDT024</logicalDatatype>
<dataTypeSize>100 CHAR</dataTypeSize>
<ownDataTypeParameters>100 CHAR,,</ownDataTypeParameters>
</Attribute>
<Attribute name="direccion chile" id="972461EC-4E17-87EB-A1DA-3BC2425F5A70">
<createdBy>diego</createdBy>
<createdTime>2025-09-05 00:17:53 UTC</createdTime>
<ownerDesignName>ProyectoMER_Postulantes</ownerDesignName>
<engineerTo>
<item key="BC5FBC0F-3114-B74F-6B19-C165D20E8D9E" value="true"/>
</engineerTo>
<useDomainConstraints>false</useDomainConstraints>
<use>1</use>
<logicalDatatype>LOGDT024</logicalDatatype>
<dataTypeSize>150 CHAR</dataTypeSize>
<ownDataTypeParameters>150 CHAR,,</ownDataTypeParameters>
</Attribute>
<Attribute name="pais origen" id="B5C42BFB-1E53-A3D2-E063-9F0B895B77A8">
<createdBy>diego</createdBy>
<createdTime>2025-09-05 00:19:10 UTC</createdTime>
<ownerDesignName>ProyectoMER_Postulantes</ownerDesignName>
<engineerTo>
<item key="BC5FBC0F-3114-B74F-6B19-C165D20E8D9E" value="true"/>
</engineerTo>
<useDomainConstraints>false</useDomainConstraints>
<use>1</use>
<logicalDatatype>LOGDT024</logicalDatatype>
<dataTypeSize>50 CHAR</dataTypeSize>
<ownDataTypeParameters>50 CHAR,,</ownDataTypeParameters>
</Attribute>
<Attribute name="sitio web" id="D0B7EA72-FD7D-30F6-2FA1-0CB6BA4FEBB8">
<createdBy>diego</createdBy>
<createdTime>2025-09-05 00:21:02 UTC</createdTime>
<commentInRDBMS><![CDATA[ALTER TABLE postulante 
ADD CONSTRAINT unq_sitio_web 
UNIQUE (sitio_web);]]></commentInRDBMS>
<ownerDesignName>ProyectoMER_Postulantes</ownerDesignName>
<engineerTo>
<item key="BC5FBC0F-3114-B74F-6B19-C165D20E8D9E" value="true"/>
</engineerTo>
<useDomainConstraints>false</useDomainConstraints>
<use>1</use>
<logicalDatatype>LOGDT024</logicalDatatype>
<dataTypeSize>100 CHAR</dataTypeSize>
<ownDataTypeParameters>100 CHAR,,</ownDataTypeParameters>
</Attribute>
<Attribute name="rut" id="A108B790-A5BC-5F55-354A-9BA4AD640FAC">
<createdBy>diego</createdBy>
<createdTime>2025-09-05 00:21:25 UTC</createdTime>
<commentInRDBMS><![CDATA[ALTER TABLE postulante 
ADD CONSTRAINT chk_ruf_format 
CHECK (REGEXP_LIKE(ruf, '^[0-9]{1,8}-[0-9Kk]$'));]]></commentInRDBMS>
<ownerDesignName>ProyectoMER_Postulantes</ownerDesignName>
<engineerTo>
<item key="BC5FBC0F-3114-B74F-6B19-C165D20E8D9E" value="true"/>
</engineerTo>
<useDomainConstraints>false</useDomainConstraints>
<use>1</use>
<logicalDatatype>LOGDT024</logicalDatatype>
<dataTypeSize>12 CHAR</dataTypeSize>
<ownDataTypeParameters>12 CHAR,,</ownDataTypeParameters>
</Attribute>
</attributes>
<identifiers itemClass="oracle.dbtools.crest.model.design.logical.CandidateKey">
<identifier id="769CC901-10B2-A75D-7425-563F1CFC0C9A" name="POSTULANTE_PK">
<createdBy>diego</createdBy>
<createdTime>2025-09-05 00:05:29 UTC</createdTime>
<ownerDesignName>ProyectoMER_Postulantes</ownerDesignName>
<shouldEngineer>false</shouldEngineer>
<engineerTo>
<item key="BC5FBC0F-3114-B74F-6B19-C165D20E8D9E" value="false"/>
</engineerTo>
<pk>true</pk>
<usedAttributes>
<attributeRef>B83E8B4B-EC80-6DA2-AD2D-30305409CFBE</attributeRef>
</usedAttributes>
</identifier>
</identifiers>
</Entity>