<?xml version = '1.0' encoding = 'UTF-8'?>
<Entity class="oracle.dbtools.crest.model.design.logical.Entity" directorySegmentName="seg_0" id="B5AEAF15-EF41-AB59-00E0-06ABB04B1E11" name="PROFESION">
<createdBy>diego</createdBy>
<createdTime>2025-09-05 00:57:52 UTC</createdTime>
<ownerDesignName>ProyectoMER_Postulantes</ownerDesignName>
<engineerTo>
<item key="BC5FBC0F-3114-B74F-6B19-C165D20E8D9E" value="true"/>
</engineerTo>
<adequatelyNormalized>NO</adequatelyNormalized>
<expectedVolumes>0</expectedVolumes>
<fwdEngineeringStrategyName>Single Table</fwdEngineeringStrategyName>
<growthPercent>0</growthPercent>
<growthType>Year</growthType>
<maxVolumes>9999999</maxVolumes>
<minVolumes>0</minVolumes>
<normalForm>Third</normalForm>
<attributes itemClass="oracle.dbtools.crest.model.design.logical.Attribute">
<Attribute name="id profesion" id="CD61AE49-0F9E-A930-887D-6089059CCC9F">
<createdBy>diego</createdBy>
<createdTime>2025-09-05 00:58:10 UTC</createdTime>
<ownerDesignName>ProyectoMER_Postulantes</ownerDesignName>
<engineerTo>
<item key="BC5FBC0F-3114-B74F-6B19-C165D20E8D9E" value="true"/>
</engineerTo>
<useDomainConstraints>false</useDomainConstraints>
<use>1</use>
<logicalDatatype>LOGDT011</logicalDatatype>
<ownDataTypeParameters>,,</ownDataTypeParameters>
</Attribute>
<Attribute name="nombre profesion" id="734A1A7F-3B5A-4942-2252-FB43F01855E4">
<createdBy>diego</createdBy>
<createdTime>2025-09-05 00:59:03 UTC</createdTime>
<ownerDesignName>ProyectoMER_Postulantes</ownerDesignName>
<engineerTo>
<item key="BC5FBC0F-3114-B74F-6B19-C165D20E8D9E" value="true"/>
</engineerTo>
<useDomainConstraints>false</useDomainConstraints>
<use>1</use>
<logicalDatatype>LOGDT024</logicalDatatype>
<dataTypeSize>100 CHAR</dataTypeSize>
<ownDataTypeParameters>100 CHAR,,</ownDataTypeParameters>
</Attribute>
</attributes>
<identifiers itemClass="oracle.dbtools.crest.model.design.logical.CandidateKey">
<identifier id="A0B8A0F3-90F2-1BD3-481E-1AD6D45C5EC5" name="PROFESION_PK">
<createdBy>FrZxK</createdBy>
<createdTime>2025-09-07 19:02:48 UTC</createdTime>
<ownerDesignName>ProyectoMER_Postulantes</ownerDesignName>
<shouldEngineer>false</shouldEngineer>
<engineerTo>
<item key="BC5FBC0F-3114-B74F-6B19-C165D20E8D9E" value="false"/>
</engineerTo>
<pk>true</pk>
<usedAttributes>
<attributeRef>CD61AE49-0F9E-A930-887D-6089059CCC9F</attributeRef>
</usedAttributes>
</identifier>
</identifiers>
</Entity>