<?xml version = '1.0' encoding = 'UTF-8'?>
<Entity class="oracle.dbtools.crest.model.design.logical.Entity" directorySegmentName="seg_0" id="C2B6C808-4855-7E6B-41CF-4B55F2C316EE" name="Postulacion">
<createdBy>diego</createdBy>
<createdTime>2025-09-05 00:51:39 UTC</createdTime>
<ownerDesignName>ProyectoMER_Postulantes</ownerDesignName>
<engineerTo>
<item key="BC5FBC0F-3114-B74F-6B19-C165D20E8D9E" value="true"/>
</engineerTo>
<adequatelyNormalized>NO</adequatelyNormalized>
<expectedVolumes>0</expectedVolumes>
<fwdEngineeringStrategyName>Single Table</fwdEngineeringStrategyName>
<growthPercent>0</growthPercent>
<growthType>Year</growthType>
<maxVolumes>9999999</maxVolumes>
<minVolumes>0</minVolumes>
<normalForm>Third</normalForm>
<attributes itemClass="oracle.dbtools.crest.model.design.logical.Attribute">
<Attribute name="id postulacion" id="0F90DF90-DC39-FDCB-424C-FDDEE39C1B55">
<createdBy>diego</createdBy>
<createdTime>2025-09-05 00:52:19 UTC</createdTime>
<ownerDesignName>ProyectoMER_Postulantes</ownerDesignName>
<engineerTo>
<item key="BC5FBC0F-3114-B74F-6B19-C165D20E8D9E" value="true"/>
</engineerTo>
<useDomainConstraints>false</useDomainConstraints>
<use>1</use>
<logicalDatatype>LOGDT011</logicalDatatype>
<ownDataTypeParameters>,,</ownDataTypeParameters>
</Attribute>
<Attribute name="id empresa" id="D20E0750-E062-3554-8B7F-6807C666F581">
<createdBy>FrZxK</createdBy>
<createdTime>2025-09-07 20:39:40 UTC</createdTime>
<generatorID>508E2D6C-9792-7757-9114-79875586D902</generatorID>
<ownerDesignName>ProyectoMER_Postulantes</ownerDesignName>
<engineerTo>
<item key="BC5FBC0F-3114-B74F-6B19-C165D20E8D9E" value="true"/>
</engineerTo>
<referedAttribute>4A9BA48E-6F13-37BF-0CB5-4CBE0265AAD8</referedAttribute>
<useDomainConstraints>false</useDomainConstraints>
<use>1</use>
<logicalDatatype>LOGDT011</logicalDatatype>
<ownDataTypeParameters>,,</ownDataTypeParameters>
</Attribute>
<Attribute name="id postulante" id="410BAB32-3CF0-EE46-63DE-3D3647AAA6A5">
<createdBy>FrZxK</createdBy>
<createdTime>2025-09-07 20:38:48 UTC</createdTime>
<generatorID>7BE640BE-548C-D9EF-CE7A-CC88D61232B3</generatorID>
<ownerDesignName>ProyectoMER_Postulantes</ownerDesignName>
<engineerTo>
<item key="BC5FBC0F-3114-B74F-6B19-C165D20E8D9E" value="true"/>
</engineerTo>
<referedAttribute>B83E8B4B-EC80-6DA2-AD2D-30305409CFBE</referedAttribute>
<useDomainConstraints>false</useDomainConstraints>
<use>1</use>
<logicalDatatype>LOGDT011</logicalDatatype>
<ownDataTypeParameters>,,</ownDataTypeParameters>
</Attribute>
<Attribute name="pretension renta" id="D922C983-6CCD-14AD-77E0-DDD20C647B5F">
<createdBy>diego</createdBy>
<createdTime>2025-09-05 00:54:24 UTC</createdTime>
<ownerDesignName>ProyectoMER_Postulantes</ownerDesignName>
<engineerTo>
<item key="BC5FBC0F-3114-B74F-6B19-C165D20E8D9E" value="true"/>
</engineerTo>
<nullsAllowed>true</nullsAllowed>
<useDomainConstraints>false</useDomainConstraints>
<use>1</use>
<logicalDatatype>LOGDT026</logicalDatatype>
<dataTypePrecision>10</dataTypePrecision>
<dataTypeScale>2</dataTypeScale>
<ownDataTypeParameters>,10,2</ownDataTypeParameters>
</Attribute>
<Attribute name="nivel idioma" id="D0B42A11-FFB4-02B7-57F0-0D243186E0B1">
<createdBy>diego</createdBy>
<createdTime>2025-09-05 00:55:41 UTC</createdTime>
<commentInRDBMS><![CDATA[ALTER TABLE postulacion 
ADD CONSTRAINT chk_nivel_idioma 
CHECK (nivel_idioma IN ('Básico', 'Intermedio', 'Avanzado', 'Nativo'));]]></commentInRDBMS>
<ownerDesignName>ProyectoMER_Postulantes</ownerDesignName>
<engineerTo>
<item key="BC5FBC0F-3114-B74F-6B19-C165D20E8D9E" value="true"/>
</engineerTo>
<nullsAllowed>true</nullsAllowed>
<useDomainConstraints>false</useDomainConstraints>
<use>1</use>
<logicalDatatype>LOGDT024</logicalDatatype>
<dataTypeSize>50 CHAR</dataTypeSize>
<ownDataTypeParameters>50 CHAR,,</ownDataTypeParameters>
</Attribute>
<Attribute name="fecha visa" id="B4FD16C3-1442-944B-3534-5E647D613C45">
<createdBy>diego</createdBy>
<createdTime>2025-09-05 00:56:14 UTC</createdTime>
<commentInRDBMS><![CDATA[ALTER TABLE postulacion 
ADD CONSTRAINT chk_fecha_visa_pasada 
CHECK (fecha_visa IS NULL OR fecha_visa <= TRUNC(SYSDATE)));]]></commentInRDBMS>
<ownerDesignName>ProyectoMER_Postulantes</ownerDesignName>
<engineerTo>
<item key="BC5FBC0F-3114-B74F-6B19-C165D20E8D9E" value="true"/>
</engineerTo>
<nullsAllowed>true</nullsAllowed>
<useDomainConstraints>false</useDomainConstraints>
<use>1</use>
<logicalDatatype>LOGDT007</logicalDatatype>
<ownDataTypeParameters>,,</ownDataTypeParameters>
</Attribute>
<Attribute name="id visa" id="A2466BE8-6547-9D55-0131-88AEE522B820">
<createdBy>diego</createdBy>
<createdTime>2025-09-05 00:56:37 UTC</createdTime>
<commentInRDBMS><![CDATA[ALTER TABLE postulacion 
ADD CONSTRAINT chk_id_visa_format 
CHECK (id_visa IS NULL OR REGEXP_LIKE(id_visa, '^[A-Za-z]{3}[0-9]{10}$'));]]></commentInRDBMS>
<ownerDesignName>ProyectoMER_Postulantes</ownerDesignName>
<engineerTo>
<item key="BC5FBC0F-3114-B74F-6B19-C165D20E8D9E" value="true"/>
</engineerTo>
<nullsAllowed>true</nullsAllowed>
<useDomainConstraints>false</useDomainConstraints>
<use>1</use>
<logicalDatatype>LOGDT024</logicalDatatype>
<dataTypeSize>13 CHAR</dataTypeSize>
<ownDataTypeParameters>13 CHAR,,</ownDataTypeParameters>
</Attribute>
</attributes>
<identifiers itemClass="oracle.dbtools.crest.model.design.logical.CandidateKey">
<identifier id="CBA2BCBB-098D-B583-03CB-6E40129F83B6" name="Postulacion_PKv1">
<createdBy>FrZxK</createdBy>
<createdTime>2025-09-07 19:03:08 UTC</createdTime>
<ownerDesignName>ProyectoMER_Postulantes</ownerDesignName>
<shouldEngineer>false</shouldEngineer>
<engineerTo>
<item key="BC5FBC0F-3114-B74F-6B19-C165D20E8D9E" value="false"/>
</engineerTo>
<pk>true</pk>
<usedAttributes>
<attributeRef>0F90DF90-DC39-FDCB-424C-FDDEE39C1B55</attributeRef>
</usedAttributes>
</identifier>
</identifiers>
</Entity>