<?xml version = '1.0' encoding = 'UTF-8'?>
<Entity class="oracle.dbtools.crest.model.design.logical.Entity" directorySegmentName="seg_0" id="F13F0B4F-FDC6-353E-7551-378E820FCFB9" name="Titulo Profesional">
<createdBy>diego</createdBy>
<createdTime>2025-09-05 01:01:27 UTC</createdTime>
<ownerDesignName>ProyectoMER_Postulantes</ownerDesignName>
<engineerTo>
<item key="BC5FBC0F-3114-B74F-6B19-C165D20E8D9E" value="true"/>
</engineerTo>
<adequatelyNormalized>NO</adequatelyNormalized>
<expectedVolumes>0</expectedVolumes>
<fwdEngineeringStrategyName>Single Table</fwdEngineeringStrategyName>
<growthPercent>0</growthPercent>
<growthType>Year</growthType>
<maxVolumes>9999999</maxVolumes>
<minVolumes>0</minVolumes>
<normalForm>Third</normalForm>
<attributes itemClass="oracle.dbtools.crest.model.design.logical.Attribute">
<Attribute name="id titulo" id="92996FCF-B06D-5986-300A-B01C6DC85C41">
<createdBy>diego</createdBy>
<createdTime>2025-09-05 01:02:12 UTC</createdTime>
<ownerDesignName>ProyectoMER_Postulantes</ownerDesignName>
<engineerTo>
<item key="BC5FBC0F-3114-B74F-6B19-C165D20E8D9E" value="true"/>
</engineerTo>
<useDomainConstraints>false</useDomainConstraints>
<use>1</use>
<logicalDatatype>LOGDT011</logicalDatatype>
<ownDataTypeParameters>,,</ownDataTypeParameters>
</Attribute>
<Attribute name="id profesion" id="42FA07E0-B7C7-60E8-AEDD-1D225E88A07B">
<createdBy>FrZxK</createdBy>
<createdTime>2025-09-07 20:34:56 UTC</createdTime>
<generatorID>E6AD5214-37EC-24E4-044E-05B565678C2A</generatorID>
<ownerDesignName>ProyectoMER_Postulantes</ownerDesignName>
<engineerTo>
<item key="BC5FBC0F-3114-B74F-6B19-C165D20E8D9E" value="true"/>
</engineerTo>
<referedAttribute>CD61AE49-0F9E-A930-887D-6089059CCC9F</referedAttribute>
<useDomainConstraints>false</useDomainConstraints>
<use>1</use>
<logicalDatatype>LOGDT011</logicalDatatype>
<ownDataTypeParameters>,,</ownDataTypeParameters>
</Attribute>
<Attribute name="id postulante" id="D934B964-A96A-91FA-004E-88C8D7C2FA5C">
<createdBy>FrZxK</createdBy>
<createdTime>2025-09-07 18:51:25 UTC</createdTime>
<generatorID>C2D585F5-66E7-F6D0-DADB-C753419477A4</generatorID>
<ownerDesignName>ProyectoMER_Postulantes</ownerDesignName>
<engineerTo>
<item key="BC5FBC0F-3114-B74F-6B19-C165D20E8D9E" value="true"/>
</engineerTo>
<referedAttribute>B83E8B4B-EC80-6DA2-AD2D-30305409CFBE</referedAttribute>
<useDomainConstraints>false</useDomainConstraints>
<use>1</use>
<logicalDatatype>LOGDT011</logicalDatatype>
<ownDataTypeParameters>,,</ownDataTypeParameters>
</Attribute>
<Attribute name="fecha obtencion" id="233B5DB6-5167-C26F-0D8E-62B587308C21">
<createdBy>diego</createdBy>
<createdTime>2025-09-05 01:03:42 UTC</createdTime>
<commentInRDBMS><![CDATA[ALTER TABLE titulo_profesional 
ADD CONSTRAINT chk_fecha_obtencion_pasada 
CHECK (fecha_obtencion <= TRUNC(SYSDATE));]]></commentInRDBMS>
<ownerDesignName>ProyectoMER_Postulantes</ownerDesignName>
<engineerTo>
<item key="BC5FBC0F-3114-B74F-6B19-C165D20E8D9E" value="true"/>
</engineerTo>
<useDomainConstraints>false</useDomainConstraints>
<use>1</use>
<logicalDatatype>LOGDT007</logicalDatatype>
<ownDataTypeParameters>,,</ownDataTypeParameters>
</Attribute>
</attributes>
<identifiers itemClass="oracle.dbtools.crest.model.design.logical.CandidateKey">
<identifier id="BA632F88-7793-CC73-17D7-D1FF7956460B" name="Titulo_Profesional_PKv1">
<createdBy>FrZxK</createdBy>
<createdTime>2025-09-07 19:04:28 UTC</createdTime>
<ownerDesignName>ProyectoMER_Postulantes</ownerDesignName>
<shouldEngineer>false</shouldEngineer>
<engineerTo>
<item key="BC5FBC0F-3114-B74F-6B19-C165D20E8D9E" value="false"/>
</engineerTo>
<pk>true</pk>
<usedAttributes>
<attributeRef>92996FCF-B06D-5986-300A-B01C6DC85C41</attributeRef>
</usedAttributes>
</identifier>
</identifiers>
</Entity>