<?xml version = '1.0' encoding = 'UTF-8'?>
<Diagram class="oracle.dbtools.crest.swingui.relational.DPVRelational" name="Relational_1" id="A0389CEF-95BF-1F81-8EF1-5ECA37FCFD0E">
<createdBy>diego</createdBy>
<modifiedBy>diego</modifiedBy>
<createdTime>2025-09-05 01:25:48 UTC</createdTime>
<autoRoute>false</autoRoute>
<boxInbox>true</boxInbox>
<showLegend>false</showLegend>
<showLabels>false</showLabels>
<showRelAttributes>false</showRelAttributes>
<gridEnabled>false</gridEnabled>
<showGrid>false</showGrid>
<diagramColor>-1</diagramColor>
<display>false</display>
<notation>1</notation>
<objectViews>
<OView class="oracle.dbtools.crest.swingui.relational.TVTable" oid="09E5D223-4792-BAE2-026D-F88103F3B459" otype="Table" vid="49EA5A81-3A88-5ACF-56BC-D15D6DAE53A5">
<hideElementsInCurrentOnly>false</hideElementsInCurrentOnly>
<bounds x="468" y="585" width="331" height="242"/>
</OView>
<OView class="oracle.dbtools.crest.swingui.relational.TVTable" oid="5EFF384C-43CC-34B6-04A9-BA04AB793443" otype="Table" vid="B613625D-D6ED-D68F-F60E-459F4A74C630">
<hideElementsInCurrentOnly>false</hideElementsInCurrentOnly>
<bounds x="485" y="20" width="354" height="227"/>
</OView>
<OView class="oracle.dbtools.crest.swingui.relational.TVTable" oid="8BC7ED41-D50B-8CA5-44E9-0EABDBE7752B" otype="Table" vid="E6AD62B4-7478-DF8A-E461-A5C36FF1C34C">
<hideElementsInCurrentOnly>false</hideElementsInCurrentOnly>
<bounds x="22" y="21" width="410" height="287"/>
</OView>
<OView class="oracle.dbtools.crest.swingui.relational.TVTable" oid="8C96602E-9F65-8DF8-9CC3-3242A0276484" otype="Table" vid="8814268F-65C6-A990-C71C-D839A84392A6">
<hideElementsInCurrentOnly>false</hideElementsInCurrentOnly>
<bounds x="528" y="277" width="304" height="228"/>
</OView>
<OView class="oracle.dbtools.crest.swingui.relational.TVTable" oid="8E88C89B-0759-8E26-70A0-C346C47947C5" otype="Table" vid="69E1735C-CE17-792C-7F7E-C2B7F0E47AD9">
<hideElementsInCurrentOnly>false</hideElementsInCurrentOnly>
<bounds x="65" y="412" width="279" height="113"/>
</OView>
<OView class="oracle.dbtools.crest.swingui.relational.TVTable" oid="C8AFB23D-C8D8-BA42-EBD8-242AB11C95EE" otype="Table" vid="28B8146A-B343-7C8A-4D6F-327691D6E127">
<hideElementsInCurrentOnly>false</hideElementsInCurrentOnly>
<bounds x="878" y="50" width="364" height="160"/>
</OView>
</objectViews>
<connectors>
<Connector class="oracle.dbtools.crest.swingui.relational.TVFKRelation" oid="0BACC187-6FF9-42E0-0491-61B858B13D36" otype="FKIndexAssociation" vid_source="B613625D-D6ED-D68F-F60E-459F4A74C630" vid_target="8814268F-65C6-A990-C71C-D839A84392A6">
<hideElementsInCurrentOnly>false</hideElementsInCurrentOnly>
<backgroundColor>-16777216</backgroundColor>
<lineWidth>1</lineWidth>
<points>
<point x="680" y="247"/>
<point x="680" y="277"/>
</points>
</Connector>
<Connector class="oracle.dbtools.crest.swingui.relational.TVFKRelation" oid="12E353FF-2693-7BD4-D7C1-566A8A3E0D0F" otype="FKIndexAssociation" vid_source="28B8146A-B343-7C8A-4D6F-327691D6E127" vid_target="B613625D-D6ED-D68F-F60E-459F4A74C630">
<hideElementsInCurrentOnly>false</hideElementsInCurrentOnly>
<backgroundColor>-16777216</backgroundColor>
<lineWidth>1</lineWidth>
<points>
<point x="878" y="145"/>
<point x="839" y="145"/>
</points>
</Connector>
<Connector class="oracle.dbtools.crest.swingui.relational.TVFKRelation" oid="3AAEF60A-4C84-489B-8CBA-23EB1436B32D" otype="FKIndexAssociation" vid_source="49EA5A81-3A88-5ACF-56BC-D15D6DAE53A5" vid_target="8814268F-65C6-A990-C71C-D839A84392A6">
<hideElementsInCurrentOnly>false</hideElementsInCurrentOnly>
<backgroundColor>-16777216</backgroundColor>
<lineWidth>1</lineWidth>
<points>
<point x="648" y="585"/>
<point x="648" y="512"/>
</points>
</Connector>
<Connector class="oracle.dbtools.crest.swingui.relational.TVFKRelation" oid="4256DB76-6024-171F-A052-B4B1F2671DCC" otype="FKIndexAssociation" vid_source="8814268F-65C6-A990-C71C-D839A84392A6" vid_target="49EA5A81-3A88-5ACF-56BC-D15D6DAE53A5">
<hideElementsInCurrentOnly>false</hideElementsInCurrentOnly>
<backgroundColor>-16777216</backgroundColor>
<lineWidth>1</lineWidth>
<points>
<point x="678" y="505"/>
<point x="678" y="585"/>
</points>
</Connector>
<Connector class="oracle.dbtools.crest.swingui.relational.TVFKRelation" oid="72CF15D0-7CA4-657E-C258-A6F365568D92" otype="FKIndexAssociation" vid_source="69E1735C-CE17-792C-7F7E-C2B7F0E47AD9" vid_target="E6AD62B4-7478-DF8A-E461-A5C36FF1C34C">
<hideElementsInCurrentOnly>false</hideElementsInCurrentOnly>
<backgroundColor>-16777216</backgroundColor>
<lineWidth>1</lineWidth>
<points>
<point x="219" y="412"/>
<point x="219" y="308"/>
</points>
</Connector>
<Connector class="oracle.dbtools.crest.swingui.relational.TVFKRelation" oid="86623B8F-4708-083A-D4ED-D857B6A5CB6D" otype="FKIndexAssociation" vid_source="E6AD62B4-7478-DF8A-E461-A5C36FF1C34C" vid_target="49EA5A81-3A88-5ACF-56BC-D15D6DAE53A5">
<hideElementsInCurrentOnly>false</hideElementsInCurrentOnly>
<backgroundColor>-16777216</backgroundColor>
<lineWidth>1</lineWidth>
<points>
<point x="334" y="308"/>
<point x="542" y="585"/>
</points>
</Connector>
<Connector class="oracle.dbtools.crest.swingui.relational.TVFKRelation" oid="8C8C50B4-987C-A447-0A0E-7F03DE454BCC" otype="FKIndexAssociation" vid_source="E6AD62B4-7478-DF8A-E461-A5C36FF1C34C" vid_target="B613625D-D6ED-D68F-F60E-459F4A74C630">
<hideElementsInCurrentOnly>false</hideElementsInCurrentOnly>
<backgroundColor>-16777216</backgroundColor>
<lineWidth>1</lineWidth>
<points>
<point x="432" y="119"/>
<point x="485" y="119"/>
</points>
</Connector>
<Connector class="oracle.dbtools.crest.swingui.relational.TVFKRelation" oid="A29E0241-E0B9-F695-E402-FB94ADFC7311" otype="FKIndexAssociation" vid_source="B613625D-D6ED-D68F-F60E-459F4A74C630" vid_target="28B8146A-B343-7C8A-4D6F-327691D6E127">
<hideElementsInCurrentOnly>false</hideElementsInCurrentOnly>
<backgroundColor>-16777216</backgroundColor>
<lineWidth>1</lineWidth>
<points>
<point x="839" y="120"/>
<point x="878" y="120"/>
</points>
</Connector>
</connectors>
</Diagram>