<?xml version = '1.0' encoding = 'UTF-8'?>
<Table class="oracle.dbtools.crest.model.design.relational.Table" directorySegmentName="seg_0" id="09E5D223-4792-BAE2-026D-F88103F3B459" name="Postulacion">
<createdBy>diego</createdBy>
<createdTime>2025-09-05 01:25:48 UTC</createdTime>
<generatorID>C2B6C808-4855-7E6B-41CF-4B55F2C316EE</generatorID>
<ownerDesignName>ProyectoMER_Postulantes</ownerDesignName>
<allowColumnReorder>false</allowColumnReorder>
<existDependencyGenerateInDDl>true</existDependencyGenerateInDDl>
<parsed>true</parsed>
<columns itemClass="oracle.dbtools.crest.model.design.relational.Column">
<Column name="id_postulacion" id="DC4456EA-6DBA-1E52-C133-B93F5ACA861E">
<createdBy>diego</createdBy>
<createdTime>2025-09-05 01:25:48 UTC</createdTime>
<generatorID>0F90DF90-DC39-FDCB-424C-FDDEE39C1B55</generatorID>
<ownerDesignName>ProyectoMER_Postulantes</ownerDesignName>
<useDomainConstraints>false</useDomainConstraints>
<use>1</use>
<logicalDatatype>LOGDT011</logicalDatatype>
<ownDataTypeParameters>,,</ownDataTypeParameters>
<autoIncrementCycle>false</autoIncrementCycle>
</Column>
<Column name="id_empresa" id="05AF8875-DE0A-EFC7-54E3-D281E9B1902D">
<createdBy>diego</createdBy>
<createdTime>2025-09-05 01:25:48 UTC</createdTime>
<generatorID>4EA3BD50-01AD-2554-DEC6-3B277A62A785</generatorID>
<ownerDesignName>ProyectoMER_Postulantes</ownerDesignName>
<nullsAllowed>true</nullsAllowed>
<useDomainConstraints>false</useDomainConstraints>
<use>1</use>
<logicalDatatype>LOGDT011</logicalDatatype>
<ownDataTypeParameters>,,</ownDataTypeParameters>
<autoIncrementCycle>false</autoIncrementCycle>
</Column>
<Column name="pretension_renta" id="DF0577D3-727B-71FF-B04D-67EA9D0DAC0A">
<createdBy>diego</createdBy>
<createdTime>2025-09-05 01:25:48 UTC</createdTime>
<generatorID>D922C983-6CCD-14AD-77E0-DDD20C647B5F</generatorID>
<ownerDesignName>ProyectoMER_Postulantes</ownerDesignName>
<nullsAllowed>true</nullsAllowed>
<useDomainConstraints>false</useDomainConstraints>
<use>1</use>
<logicalDatatype>LOGDT026</logicalDatatype>
<dataTypePrecision>10</dataTypePrecision>
<dataTypeScale>2</dataTypeScale>
<ownDataTypeParameters>,10,2</ownDataTypeParameters>
<autoIncrementCycle>false</autoIncrementCycle>
</Column>
<Column name="nivel_idioma" id="56AF40E9-BF6C-4900-FE37-B99DD06DB5E0">
<createdBy>diego</createdBy>
<createdTime>2025-09-05 01:25:48 UTC</createdTime>
<commentInRDBMS><![CDATA[ALTER TABLE postulacion 
ADD CONSTRAINT chk_nivel_idioma 
CHECK (nivel_idioma IN ('Básico', 'Intermedio', 'Avanzado', 'Nativo'));]]></commentInRDBMS>
<generatorID>D0B42A11-FFB4-02B7-57F0-0D243186E0B1</generatorID>
<ownerDesignName>ProyectoMER_Postulantes</ownerDesignName>
<nullsAllowed>true</nullsAllowed>
<useDomainConstraints>false</useDomainConstraints>
<use>1</use>
<logicalDatatype>LOGDT024</logicalDatatype>
<dataTypeSize>50 CHAR</dataTypeSize>
<ownDataTypeParameters>50 CHAR,,</ownDataTypeParameters>
<autoIncrementCycle>false</autoIncrementCycle>
</Column>
<Column name="fecha_visa" id="97C2C23A-1DBA-127B-046A-70917728DFE8">
<createdBy>diego</createdBy>
<createdTime>2025-09-05 01:25:48 UTC</createdTime>
<commentInRDBMS><![CDATA[ALTER TABLE postulacion 
ADD CONSTRAINT chk_fecha_visa_pasada 
CHECK (fecha_visa IS NULL OR fecha_visa <= TRUNC(SYSDATE)));]]></commentInRDBMS>
<generatorID>B4FD16C3-1442-944B-3534-5E647D613C45</generatorID>
<ownerDesignName>ProyectoMER_Postulantes</ownerDesignName>
<nullsAllowed>true</nullsAllowed>
<useDomainConstraints>false</useDomainConstraints>
<use>1</use>
<logicalDatatype>LOGDT007</logicalDatatype>
<ownDataTypeParameters>,,</ownDataTypeParameters>
<autoIncrementCycle>false</autoIncrementCycle>
</Column>
<Column name="id_visa" id="590AF9C3-9C1D-88E2-E063-D3EEDEA29251">
<createdBy>diego</createdBy>
<createdTime>2025-09-05 01:25:48 UTC</createdTime>
<commentInRDBMS><![CDATA[ALTER TABLE postulacion 
ADD CONSTRAINT chk_id_visa_format 
CHECK (id_visa IS NULL OR REGEXP_LIKE(id_visa, '^[A-Za-z]{3}[0-9]{10}$'));]]></commentInRDBMS>
<generatorID>A2466BE8-6547-9D55-0131-88AEE522B820</generatorID>
<ownerDesignName>ProyectoMER_Postulantes</ownerDesignName>
<nullsAllowed>true</nullsAllowed>
<useDomainConstraints>false</useDomainConstraints>
<use>1</use>
<logicalDatatype>LOGDT024</logicalDatatype>
<dataTypeSize>13 CHAR</dataTypeSize>
<ownDataTypeParameters>13 CHAR,,</ownDataTypeParameters>
<autoIncrementCycle>false</autoIncrementCycle>
</Column>
<Column name="POSTULANTE_id_postulante" id="9081DC46-9255-01B3-219E-8D3D8B6B572D">
<createdBy>diego</createdBy>
<createdTime>2025-09-05 01:25:48 UTC</createdTime>
<generatorID>7300F458-9938-0BEE-576C-673C7D7A575D</generatorID>
<ownerDesignName>ProyectoMER_Postulantes</ownerDesignName>
<useDomainConstraints>false</useDomainConstraints>
<use>1</use>
<logicalDatatype>LOGDT011</logicalDatatype>
<ownDataTypeParameters>,,</ownDataTypeParameters>
<previousColumn>false</previousColumn>
<autoIncrementCycle>false</autoIncrementCycle>
<associations>
<colAssociation fkAssociation="86623B8F-4708-083A-D4ED-D857B6A5CB6D" referredColumn="13A7141B-25DA-ABDC-1EE1-BD2F044EC8C8"/>
</associations>
</Column>
<Column name="EMPRESA_id_empresa" id="E0A9BD40-0963-BE5B-1E85-2EBB3CD46717">
<createdBy>FrZxK</createdBy>
<createdTime>2025-09-07 21:19:03 UTC</createdTime>
<generatorID>D20E0750-E062-3554-8B7F-6807C666F581</generatorID>
<ownerDesignName>ProyectoMER_Postulantes</ownerDesignName>
<useDomainConstraints>false</useDomainConstraints>
<use>1</use>
<logicalDatatype>LOGDT011</logicalDatatype>
<ownDataTypeParameters>,,</ownDataTypeParameters>
<previousColumn>false</previousColumn>
<autoIncrementCycle>false</autoIncrementCycle>
<associations>
<colAssociation fkAssociation="4256DB76-6024-171F-A052-B4B1F2671DCC" referredColumn="97DE6000-26B8-949A-99C9-FDE12AEBE9AB"/>
</associations>
</Column>
<Column name="id_postulante" id="4EA5BDFA-68A5-5914-5CA2-DF8BBB40C10C">
<createdBy>FrZxK</createdBy>
<createdTime>2025-09-07 21:19:03 UTC</createdTime>
<generatorID>410BAB32-3CF0-EE46-63DE-3D3647AAA6A5</generatorID>
<ownerDesignName>ProyectoMER_Postulantes</ownerDesignName>
<useDomainConstraints>false</useDomainConstraints>
<use>1</use>
<logicalDatatype>LOGDT011</logicalDatatype>
<ownDataTypeParameters>,,</ownDataTypeParameters>
<previousColumn>false</previousColumn>
<autoIncrementCycle>false</autoIncrementCycle>
</Column>
</columns>
<indexes itemClass="oracle.dbtools.crest.model.design.relational.Index">
<ind_PK_UK id="EBF9E4E9-4BF9-9E38-7DF1-E8EEEE3DF87B" name="Postulacion_PK">
<createdBy>FrZxK</createdBy>
<createdTime>2025-09-07 19:40:29 UTC</createdTime>
<generatorID>CBA2BCBB-098D-B583-03CB-6E40129F83B6</generatorID>
<ownerDesignName>ProyectoMER_Postulantes</ownerDesignName>
<pk>true</pk>
<indexState>Primary Constraint</indexState>
<isSurrogateKey>false</isSurrogateKey>
<indexColumnUsage>
<colUsage columnID="DC4456EA-6DBA-1E52-C133-B93F5ACA861E"/>
</indexColumnUsage>
</ind_PK_UK>
<ind_PK_UK id="BCB4D3B0-E9A5-528E-11ED-EF8714DE4BAA" name="Postulacion__IDX">
<createdBy>FrZxK</createdBy>
<createdTime>2025-09-07 20:07:54 UTC</createdTime>
<ownerDesignName>ProyectoMER_Postulantes</ownerDesignName>
<indexState>Unique Plain Index</indexState>
<isSurrogateKey>false</isSurrogateKey>
<relationGeneratorID>7BE640BE-548C-D9EF-CE7A-CC88D61232B3</relationGeneratorID>
<indexColumnUsage>
<colUsage columnID="9081DC46-9255-01B3-219E-8D3D8B6B572D"/>
</indexColumnUsage>
</ind_PK_UK>
<ind_PK_UK id="CAB50873-00D6-E61D-5438-D1CAFD20157F" name="Postulacion_POSTULANTE_FK">
<createdBy>diego</createdBy>
<createdTime>2025-09-05 01:25:48 UTC</createdTime>
<generatorID>7BE640BE-548C-D9EF-CE7A-CC88D61232B3</generatorID>
<ownerDesignName>ProyectoMER_Postulantes</ownerDesignName>
<indexState>Foreign Key</indexState>
<isSurrogateKey>false</isSurrogateKey>
<indexColumnUsage>
<colUsage columnID="9081DC46-9255-01B3-219E-8D3D8B6B572D"/>
</indexColumnUsage>
</ind_PK_UK>
<ind_PK_UK id="1DCD3B2E-4D99-0EC1-A1DE-00ACD7307CC0" name="Postulacion_EMPRESA_FK">
<createdBy>FrZxK</createdBy>
<createdTime>2025-09-07 21:19:03 UTC</createdTime>
<generatorID>508E2D6C-9792-7757-9114-79875586D902</generatorID>
<ownerDesignName>ProyectoMER_Postulantes</ownerDesignName>
<indexState>Foreign Key</indexState>
<isSurrogateKey>false</isSurrogateKey>
<indexColumnUsage>
<colUsage columnID="E0A9BD40-0963-BE5B-1E85-2EBB3CD46717"/>
</indexColumnUsage>
</ind_PK_UK>
</indexes>
</Table>