<?xml version = '1.0' encoding = 'UTF-8'?>
<Table class="oracle.dbtools.crest.model.design.relational.Table" directorySegmentName="seg_0" id="5EFF384C-43CC-34B6-04A9-BA04AB793443" name="Titulo_Profesional">
<createdBy>diego</createdBy>
<createdTime>2025-09-05 01:25:48 UTC</createdTime>
<generatorID>F13F0B4F-FDC6-353E-7551-378E820FCFB9</generatorID>
<ownerDesignName>ProyectoMER_Postulantes</ownerDesignName>
<allowColumnReorder>false</allowColumnReorder>
<existDependencyGenerateInDDl>true</existDependencyGenerateInDDl>
<parsed>true</parsed>
<columns itemClass="oracle.dbtools.crest.model.design.relational.Column">
<Column name="id_titulo" id="09600691-FBE2-C6C1-21FA-B55FE49EF57F">
<createdBy>diego</createdBy>
<createdTime>2025-09-05 01:25:48 UTC</createdTime>
<generatorID>92996FCF-B06D-5986-300A-B01C6DC85C41</generatorID>
<ownerDesignName>ProyectoMER_Postulantes</ownerDesignName>
<useDomainConstraints>false</useDomainConstraints>
<use>1</use>
<logicalDatatype>LOGDT011</logicalDatatype>
<ownDataTypeParameters>,,</ownDataTypeParameters>
<autoIncrementCycle>false</autoIncrementCycle>
</Column>
<Column name="id_profesion" id="3F4AE9A0-9001-9B9F-C55B-4CB892805EB9">
<createdBy>diego</createdBy>
<createdTime>2025-09-05 01:25:48 UTC</createdTime>
<generatorID>FAE180B0-F837-6B2D-5EE1-1766EADB2698</generatorID>
<ownerDesignName>ProyectoMER_Postulantes</ownerDesignName>
<nullsAllowed>true</nullsAllowed>
<useDomainConstraints>false</useDomainConstraints>
<use>1</use>
<logicalDatatype>LOGDT011</logicalDatatype>
<ownDataTypeParameters>,,</ownDataTypeParameters>
<autoIncrementCycle>false</autoIncrementCycle>
</Column>
<Column name="fecha_obtencion" id="BBF96A0A-D77B-A267-B53A-0BFE7CB8CF40">
<createdBy>diego</createdBy>
<createdTime>2025-09-05 01:25:48 UTC</createdTime>
<commentInRDBMS><![CDATA[ALTER TABLE titulo_profesional 
ADD CONSTRAINT chk_fecha_obtencion_pasada 
CHECK (fecha_obtencion <= TRUNC(SYSDATE));]]></commentInRDBMS>
<generatorID>233B5DB6-5167-C26F-0D8E-62B587308C21</generatorID>
<ownerDesignName>ProyectoMER_Postulantes</ownerDesignName>
<useDomainConstraints>false</useDomainConstraints>
<use>1</use>
<logicalDatatype>LOGDT007</logicalDatatype>
<ownDataTypeParameters>,,</ownDataTypeParameters>
<autoIncrementCycle>false</autoIncrementCycle>
</Column>
<Column name="POSTULANTE_id_postulante" id="A4D56160-B39E-24C7-899B-0360B49BA229">
<createdBy>FrZxK</createdBy>
<createdTime>2025-09-07 19:40:29 UTC</createdTime>
<generatorID>D934B964-A96A-91FA-004E-88C8D7C2FA5C</generatorID>
<ownerDesignName>ProyectoMER_Postulantes</ownerDesignName>
<useDomainConstraints>false</useDomainConstraints>
<use>1</use>
<logicalDatatype>LOGDT011</logicalDatatype>
<ownDataTypeParameters>,,</ownDataTypeParameters>
<previousColumn>false</previousColumn>
<autoIncrementCycle>false</autoIncrementCycle>
<associations>
<colAssociation fkAssociation="8C8C50B4-987C-A447-0A0E-7F03DE454BCC" referredColumn="13A7141B-25DA-ABDC-1EE1-BD2F044EC8C8"/>
</associations>
</Column>
<Column name="EMPRESA_id_empresa" id="D26FFA78-2243-D4EE-C93F-EA2C758F472F">
<createdBy>FrZxK</createdBy>
<createdTime>2025-09-07 19:40:29 UTC</createdTime>
<generatorID>6FF9DFB8-86FA-7691-ADB1-17B395CA8653</generatorID>
<ownerDesignName>ProyectoMER_Postulantes</ownerDesignName>
<useDomainConstraints>false</useDomainConstraints>
<use>1</use>
<logicalDatatype>LOGDT011</logicalDatatype>
<ownDataTypeParameters>,,</ownDataTypeParameters>
<autoIncrementCycle>false</autoIncrementCycle>
</Column>
<Column name="id_postulacion" id="6AD6B953-46D0-AA0A-2032-C7529B79F639">
<createdBy>FrZxK</createdBy>
<createdTime>2025-09-07 19:44:22 UTC</createdTime>
<ownerDesignName>ProyectoMER_Postulantes</ownerDesignName>
<useDomainConstraints>false</useDomainConstraints>
<use>1</use>
<logicalDatatype>LOGDT019</logicalDatatype>
<ownDataTypeParameters>,,</ownDataTypeParameters>
<autoIncrementCycle>false</autoIncrementCycle>
</Column>
<Column name="PROFESION_id_profesion" id="653F5047-2458-BA13-FF54-8126E411F596">
<createdBy>FrZxK</createdBy>
<createdTime>2025-09-07 21:19:03 UTC</createdTime>
<generatorID>42FA07E0-B7C7-60E8-AEDD-1D225E88A07B</generatorID>
<ownerDesignName>ProyectoMER_Postulantes</ownerDesignName>
<useDomainConstraints>false</useDomainConstraints>
<use>1</use>
<logicalDatatype>LOGDT011</logicalDatatype>
<ownDataTypeParameters>,,</ownDataTypeParameters>
<previousColumn>false</previousColumn>
<autoIncrementCycle>false</autoIncrementCycle>
<associations>
<colAssociation fkAssociation="12E353FF-2693-7BD4-D7C1-566A8A3E0D0F" referredColumn="F16800C5-CB6C-4F6B-94F8-741047F6E543"/>
</associations>
</Column>
</columns>
<indexes itemClass="oracle.dbtools.crest.model.design.relational.Index">
<ind_PK_UK id="E3C691F3-4380-7FD2-413C-EBFBC4F70807" name="Titulo_Profesional_PK">
<createdBy>FrZxK</createdBy>
<createdTime>2025-09-07 19:40:29 UTC</createdTime>
<generatorID>BA632F88-7793-CC73-17D7-D1FF7956460B</generatorID>
<ownerDesignName>ProyectoMER_Postulantes</ownerDesignName>
<pk>true</pk>
<indexState>Primary Constraint</indexState>
<isSurrogateKey>false</isSurrogateKey>
<indexColumnUsage>
<colUsage columnID="09600691-FBE2-C6C1-21FA-B55FE49EF57F"/>
</indexColumnUsage>
</ind_PK_UK>
<ind_PK_UK id="8B3EF135-D806-558E-E069-4295DA116400" name="Titulo_Profesional_POSTULANTE_FK">
<createdBy>FrZxK</createdBy>
<createdTime>2025-09-07 19:40:29 UTC</createdTime>
<generatorID>C2D585F5-66E7-F6D0-DADB-C753419477A4</generatorID>
<ownerDesignName>ProyectoMER_Postulantes</ownerDesignName>
<indexState>Foreign Key</indexState>
<isSurrogateKey>false</isSurrogateKey>
<indexColumnUsage>
<colUsage columnID="A4D56160-B39E-24C7-899B-0360B49BA229"/>
</indexColumnUsage>
</ind_PK_UK>
<ind_PK_UK id="134D9144-7B15-F848-0930-4E12931C3142" name="Titulo_Profesional_PROFESION_FK">
<createdBy>FrZxK</createdBy>
<createdTime>2025-09-07 21:19:03 UTC</createdTime>
<generatorID>E6AD5214-37EC-24E4-044E-05B565678C2A</generatorID>
<ownerDesignName>ProyectoMER_Postulantes</ownerDesignName>
<indexState>Foreign Key</indexState>
<isSurrogateKey>false</isSurrogateKey>
<indexColumnUsage>
<colUsage columnID="653F5047-2458-BA13-FF54-8126E411F596"/>
</indexColumnUsage>
</ind_PK_UK>
</indexes>
</Table>