<?xml version = '1.0' encoding = 'UTF-8'?>
<Table class="oracle.dbtools.crest.model.design.relational.Table" directorySegmentName="seg_0" id="8BC7ED41-D50B-8CA5-44E9-0EABDBE7752B" name="POSTULANTE">
<createdBy>diego</createdBy>
<createdTime>2025-09-05 01:25:48 UTC</createdTime>
<generatorID>84A3A442-7A14-98D6-F08C-3498A931F258</generatorID>
<ownerDesignName>ProyectoMER_Postulantes</ownerDesignName>
<allowColumnReorder>false</allowColumnReorder>
<existDependencyGenerateInDDl>true</existDependencyGenerateInDDl>
<parsed>true</parsed>
<columns itemClass="oracle.dbtools.crest.model.design.relational.Column">
<Column name="id_postulante" id="13A7141B-25DA-ABDC-1EE1-BD2F044EC8C8">
<createdBy>diego</createdBy>
<createdTime>2025-09-05 01:25:48 UTC</createdTime>
<generatorID>B83E8B4B-EC80-6DA2-AD2D-30305409CFBE</generatorID>
<ownerDesignName>ProyectoMER_Postulantes</ownerDesignName>
<useDomainConstraints>false</useDomainConstraints>
<use>1</use>
<logicalDatatype>LOGDT011</logicalDatatype>
<ownDataTypeParameters>,,</ownDataTypeParameters>
<autoIncrementCycle>false</autoIncrementCycle>
</Column>
<Column name="folio_postulante" id="4B38402F-DE45-5781-69D6-5CC07F404430">
<createdBy>diego</createdBy>
<createdTime>2025-09-05 01:25:48 UTC</createdTime>
<commentInRDBMS><![CDATA[ALTER TABLE postulante 
ADD CONSTRAINT unq_folio_postulante 
UNIQUE (folio_postulante);]]></commentInRDBMS>
<generatorID>E709B0CB-BC49-D05B-DD79-BD51E7A61D30</generatorID>
<ownerDesignName>ProyectoMER_Postulantes</ownerDesignName>
<useDomainConstraints>false</useDomainConstraints>
<use>1</use>
<logicalDatatype>LOGDT024</logicalDatatype>
<dataTypeSize>10 CHAR</dataTypeSize>
<ownDataTypeParameters>10 CHAR,,</ownDataTypeParameters>
<autoIncrementCycle>false</autoIncrementCycle>
</Column>
<Column name="nombre" id="0103F219-274E-5D0A-F12D-C25EC6E52947">
<createdBy>diego</createdBy>
<createdTime>2025-09-05 01:25:48 UTC</createdTime>
<generatorID>06D5A91F-3A87-8EDD-EFFD-0F6D6A6C622C</generatorID>
<ownerDesignName>ProyectoMER_Postulantes</ownerDesignName>
<useDomainConstraints>false</useDomainConstraints>
<use>1</use>
<logicalDatatype>LOGDT024</logicalDatatype>
<dataTypeSize>100 CHAR</dataTypeSize>
<ownDataTypeParameters>100 CHAR,,</ownDataTypeParameters>
<autoIncrementCycle>false</autoIncrementCycle>
</Column>
<Column name="apellido" id="CF8053C9-4D30-D427-570B-20E7F0CBDD7B">
<createdBy>diego</createdBy>
<createdTime>2025-09-05 01:25:48 UTC</createdTime>
<generatorID>966497BB-72E4-7535-B366-EFD9DDE8A6C7</generatorID>
<ownerDesignName>ProyectoMER_Postulantes</ownerDesignName>
<useDomainConstraints>false</useDomainConstraints>
<use>1</use>
<logicalDatatype>LOGDT024</logicalDatatype>
<dataTypeSize>100 CHAR</dataTypeSize>
<ownDataTypeParameters>100 CHAR,,</ownDataTypeParameters>
<autoIncrementCycle>false</autoIncrementCycle>
</Column>
<Column name="fecha_nacimiento" id="656E1641-E7F3-9EC8-1733-6C2BA4902E7D">
<createdBy>diego</createdBy>
<createdTime>2025-09-05 01:25:48 UTC</createdTime>
<commentInRDBMS><![CDATA[ALTER TABLE postulante 
ADD CONSTRAINT chk_edad_minima 
CHECK (fecha_nacimiento <= ADD_MONTHS(SYSDATE, -18*12));]]></commentInRDBMS>
<generatorID>CE61CB11-BA1D-2535-927D-44A479566101</generatorID>
<ownerDesignName>ProyectoMER_Postulantes</ownerDesignName>
<useDomainConstraints>false</useDomainConstraints>
<use>1</use>
<logicalDatatype>LOGDT007</logicalDatatype>
<ownDataTypeParameters>,,</ownDataTypeParameters>
<autoIncrementCycle>false</autoIncrementCycle>
</Column>
<Column name="genero" id="86CF8519-683F-A9B3-3C61-FDE8599D0303">
<createdBy>diego</createdBy>
<createdTime>2025-09-05 01:25:48 UTC</createdTime>
<commentInRDBMS><![CDATA[ALTER TABLE postulante
ADD CONSTRAINT chk_genero
CHECK (genero IN ('Masculino', 'Femenino', 'Otro'));]]></commentInRDBMS>
<generatorID>15EA09FE-F8DE-2839-F5AA-0A526FB478BF</generatorID>
<ownerDesignName>ProyectoMER_Postulantes</ownerDesignName>
<useDomainConstraints>false</useDomainConstraints>
<use>1</use>
<logicalDatatype>LOGDT024</logicalDatatype>
<dataTypeSize>10 CHAR</dataTypeSize>
<ownDataTypeParameters>10 CHAR,,</ownDataTypeParameters>
<autoIncrementCycle>false</autoIncrementCycle>
</Column>
<Column name="estado_civil" id="D91B40E1-CFCF-09F8-DC8B-8965017702B3">
<createdBy>diego</createdBy>
<createdTime>2025-09-05 01:25:48 UTC</createdTime>
<commentInRDBMS><![CDATA[ALTER TABLE postulante 
ADD CONSTRAINT chk_estado_civil 
CHECK (estado_civil IN ('Soltero', 'Casado', 'Divorciado', 'Viudo', 'Unión Civil'));]]></commentInRDBMS>
<generatorID>74D1BF61-7999-5940-10DE-6700F126C1F2</generatorID>
<ownerDesignName>ProyectoMER_Postulantes</ownerDesignName>
<useDomainConstraints>false</useDomainConstraints>
<use>1</use>
<logicalDatatype>LOGDT024</logicalDatatype>
<dataTypeSize>15 CHAR</dataTypeSize>
<ownDataTypeParameters>15 CHAR,,</ownDataTypeParameters>
<autoIncrementCycle>false</autoIncrementCycle>
</Column>
<Column name="email" id="FB6AB373-D9E7-D80D-453D-2EF5D646CD62">
<createdBy>diego</createdBy>
<createdTime>2025-09-05 01:25:48 UTC</createdTime>
<commentInRDBMS><![CDATA[ALTER TABLE postulante 
ADD CONSTRAINT chk_email_format 
CHECK (REGEXP_LIKE(email, '^[A-Za-z0-9._%+-]+@[A-Za-z0-9.-]+\.[A-Za-z]{2,}$'));]]></commentInRDBMS>
<generatorID>D6441726-80AE-FEA9-D478-1F6B5FA4E1A3</generatorID>
<ownerDesignName>ProyectoMER_Postulantes</ownerDesignName>
<useDomainConstraints>false</useDomainConstraints>
<use>1</use>
<logicalDatatype>LOGDT024</logicalDatatype>
<dataTypeSize>100 CHAR</dataTypeSize>
<ownDataTypeParameters>100 CHAR,,</ownDataTypeParameters>
<autoIncrementCycle>false</autoIncrementCycle>
</Column>
<Column name="direccion_chile" id="116EBA0D-0102-A1BB-DDD3-1295F349B172">
<createdBy>diego</createdBy>
<createdTime>2025-09-05 01:25:48 UTC</createdTime>
<generatorID>972461EC-4E17-87EB-A1DA-3BC2425F5A70</generatorID>
<ownerDesignName>ProyectoMER_Postulantes</ownerDesignName>
<useDomainConstraints>false</useDomainConstraints>
<use>1</use>
<logicalDatatype>LOGDT024</logicalDatatype>
<dataTypeSize>150 CHAR</dataTypeSize>
<ownDataTypeParameters>150 CHAR,,</ownDataTypeParameters>
<autoIncrementCycle>false</autoIncrementCycle>
</Column>
<Column name="pais_origen" id="2A79AC31-52F4-AE6E-DC93-420998D606E7">
<createdBy>diego</createdBy>
<createdTime>2025-09-05 01:25:48 UTC</createdTime>
<generatorID>B5C42BFB-1E53-A3D2-E063-9F0B895B77A8</generatorID>
<ownerDesignName>ProyectoMER_Postulantes</ownerDesignName>
<useDomainConstraints>false</useDomainConstraints>
<use>1</use>
<logicalDatatype>LOGDT024</logicalDatatype>
<dataTypeSize>50 CHAR</dataTypeSize>
<ownDataTypeParameters>50 CHAR,,</ownDataTypeParameters>
<autoIncrementCycle>false</autoIncrementCycle>
</Column>
<Column name="sitio_web" id="C08E9034-AFB3-32E3-638A-1DBEA9B3B349">
<createdBy>diego</createdBy>
<createdTime>2025-09-05 01:25:48 UTC</createdTime>
<commentInRDBMS><![CDATA[ALTER TABLE postulante 
ADD CONSTRAINT unq_sitio_web 
UNIQUE (sitio_web);]]></commentInRDBMS>
<generatorID>D0B7EA72-FD7D-30F6-2FA1-0CB6BA4FEBB8</generatorID>
<ownerDesignName>ProyectoMER_Postulantes</ownerDesignName>
<useDomainConstraints>false</useDomainConstraints>
<use>1</use>
<logicalDatatype>LOGDT024</logicalDatatype>
<dataTypeSize>100 CHAR</dataTypeSize>
<ownDataTypeParameters>100 CHAR,,</ownDataTypeParameters>
<autoIncrementCycle>false</autoIncrementCycle>
</Column>
<Column name="rut" id="FA8E10A8-076A-9DF3-063C-1C7FC5BB6DBD">
<createdBy>diego</createdBy>
<createdTime>2025-09-05 01:25:48 UTC</createdTime>
<commentInRDBMS><![CDATA[ALTER TABLE postulante 
ADD CONSTRAINT chk_ruf_format 
CHECK (REGEXP_LIKE(ruf, '^[0-9]{1,8}-[0-9Kk]$'));]]></commentInRDBMS>
<generatorID>A108B790-A5BC-5F55-354A-9BA4AD640FAC</generatorID>
<ownerDesignName>ProyectoMER_Postulantes</ownerDesignName>
<useDomainConstraints>false</useDomainConstraints>
<use>1</use>
<logicalDatatype>LOGDT024</logicalDatatype>
<dataTypeSize>12 CHAR</dataTypeSize>
<ownDataTypeParameters>12 CHAR,,</ownDataTypeParameters>
<autoIncrementCycle>false</autoIncrementCycle>
</Column>
<Column name="id_grado_academico" id="C163CB7C-67D8-DA65-E928-D899E1679D70">
<createdBy>diego</createdBy>
<createdTime>2025-09-05 01:25:48 UTC</createdTime>
<generatorID>AE6C9561-2708-B609-F78C-22BB7459AD19</generatorID>
<ownerDesignName>ProyectoMER_Postulantes</ownerDesignName>
<nullsAllowed>true</nullsAllowed>
<useDomainConstraints>false</useDomainConstraints>
<use>1</use>
<logicalDatatype>LOGDT011</logicalDatatype>
<ownDataTypeParameters>,,</ownDataTypeParameters>
<autoIncrementCycle>false</autoIncrementCycle>
</Column>
<Column name="grado_academico_id_grado_academico" id="C40F5ACB-7C7E-AC11-9F7E-C80958D12A3B">
<createdBy>FrZxK</createdBy>
<createdTime>2025-09-07 19:40:29 UTC</createdTime>
<generatorID>26270BCB-2470-19DE-B7EA-BDA71C4D1E55</generatorID>
<ownerDesignName>ProyectoMER_Postulantes</ownerDesignName>
<useDomainConstraints>false</useDomainConstraints>
<use>1</use>
<logicalDatatype>LOGDT011</logicalDatatype>
<ownDataTypeParameters>,,</ownDataTypeParameters>
<previousColumn>false</previousColumn>
<autoIncrementCycle>false</autoIncrementCycle>
<associations>
<colAssociation fkAssociation="72CF15D0-7CA4-657E-C258-A6F365568D92" referredColumn="B9ADECE5-3E45-6181-4F40-3D6C696CB8A0"/>
</associations>
</Column>
</columns>
<indexes itemClass="oracle.dbtools.crest.model.design.relational.Index">
<ind_PK_UK id="AE1A9769-16F6-9518-B792-55065A06F13A" name="POSTULANTE_PK">
<createdBy>diego</createdBy>
<createdTime>2025-09-05 01:25:48 UTC</createdTime>
<generatorID>769CC901-10B2-A75D-7425-563F1CFC0C9A</generatorID>
<ownerDesignName>ProyectoMER_Postulantes</ownerDesignName>
<pk>true</pk>
<indexState>Primary Constraint</indexState>
<isSurrogateKey>false</isSurrogateKey>
<indexColumnUsage>
<colUsage columnID="13A7141B-25DA-ABDC-1EE1-BD2F044EC8C8"/>
</indexColumnUsage>
</ind_PK_UK>
<ind_PK_UK id="00EF580B-486C-7A88-C8A3-1A63B69D9141" name="POSTULANTE_grado_academico_FK">
<createdBy>FrZxK</createdBy>
<createdTime>2025-09-07 19:40:29 UTC</createdTime>
<generatorID>C05F7079-AFDF-F6DB-7373-BBA5C9A9B2A6</generatorID>
<ownerDesignName>ProyectoMER_Postulantes</ownerDesignName>
<indexState>Foreign Key</indexState>
<isSurrogateKey>false</isSurrogateKey>
<indexColumnUsage>
<colUsage columnID="C40F5ACB-7C7E-AC11-9F7E-C80958D12A3B"/>
</indexColumnUsage>
</ind_PK_UK>
</indexes>
</Table>