<?xml version = '1.0' encoding = 'UTF-8'?>
<Table class="oracle.dbtools.crest.model.design.relational.Table" directorySegmentName="seg_0" id="8C96602E-9F65-8DF8-9CC3-3242A0276484" name="EMPRESA">
<createdBy>diego</createdBy>
<createdTime>2025-09-05 01:25:48 UTC</createdTime>
<generatorID>47233DFB-D248-1063-C733-FEBA870DBD21</generatorID>
<ownerDesignName>ProyectoMER_Postulantes</ownerDesignName>
<allowColumnReorder>false</allowColumnReorder>
<existDependencyGenerateInDDl>true</existDependencyGenerateInDDl>
<parsed>true</parsed>
<columns itemClass="oracle.dbtools.crest.model.design.relational.Column">
<Column name="id_empresa" id="97DE6000-26B8-949A-99C9-FDE12AEBE9AB">
<createdBy>diego</createdBy>
<createdTime>2025-09-05 01:25:48 UTC</createdTime>
<generatorID>4A9BA48E-6F13-37BF-0CB5-4CBE0265AAD8</generatorID>
<ownerDesignName>ProyectoMER_Postulantes</ownerDesignName>
<useDomainConstraints>false</useDomainConstraints>
<use>1</use>
<logicalDatatype>LOGDT011</logicalDatatype>
<ownDataTypeParameters>,,</ownDataTypeParameters>
<autoIncrementCycle>false</autoIncrementCycle>
</Column>
<Column name="sigla" id="5522B89B-BC1C-171E-6358-C2B257D29269">
<createdBy>diego</createdBy>
<createdTime>2025-09-05 01:25:48 UTC</createdTime>
<commentInRDBMS><![CDATA[ALTER TABLE empresa 
ADD CONSTRAINT unq_sigla UNIQUE (sigla);
ALTER TABLE empresa 
ADD CONSTRAINT chk_sigla_format 
CHECK (REGEXP_LIKE(sigla, '^[a-z]{3}$'));]]></commentInRDBMS>
<generatorID>6755E481-7DF8-2B1D-E2C3-1CD8055CD3FA</generatorID>
<ownerDesignName>ProyectoMER_Postulantes</ownerDesignName>
<nullsAllowed>true</nullsAllowed>
<useDomainConstraints>false</useDomainConstraints>
<use>1</use>
<logicalDatatype>LOGDT024</logicalDatatype>
<dataTypeSize>5 CHAR</dataTypeSize>
<ownDataTypeParameters>5 CHAR,,</ownDataTypeParameters>
<autoIncrementCycle>false</autoIncrementCycle>
</Column>
<Column name="nombre_empresa" id="BC533D9E-9222-0964-78AC-C3FB84B4AECA">
<createdBy>diego</createdBy>
<createdTime>2025-09-05 01:25:48 UTC</createdTime>
<generatorID>59FA9E15-85F1-8038-AAEF-37E7D92FAA33</generatorID>
<ownerDesignName>ProyectoMER_Postulantes</ownerDesignName>
<useDomainConstraints>false</useDomainConstraints>
<use>1</use>
<logicalDatatype>LOGDT024</logicalDatatype>
<dataTypeSize>100 CHAR</dataTypeSize>
<ownDataTypeParameters>100 CHAR,,</ownDataTypeParameters>
<autoIncrementCycle>false</autoIncrementCycle>
</Column>
<Column name="direccion" id="CBB19CE1-75E0-032B-CE91-8DE9799BA57B">
<createdBy>diego</createdBy>
<createdTime>2025-09-05 01:25:48 UTC</createdTime>
<generatorID>52BEF2DB-8EED-CA3B-A024-A38FBF28AA0A</generatorID>
<ownerDesignName>ProyectoMER_Postulantes</ownerDesignName>
<useDomainConstraints>false</useDomainConstraints>
<use>1</use>
<logicalDatatype>LOGDT024</logicalDatatype>
<dataTypeSize>150 CHAR</dataTypeSize>
<ownDataTypeParameters>150 CHAR,,</ownDataTypeParameters>
<autoIncrementCycle>false</autoIncrementCycle>
</Column>
<Column name="ciudad" id="492C5574-5BD2-51A8-F524-9DC9D0D80301">
<createdBy>diego</createdBy>
<createdTime>2025-09-05 01:25:48 UTC</createdTime>
<generatorID>E096288F-0F55-34BF-0DB5-D6376AE47644</generatorID>
<ownerDesignName>ProyectoMER_Postulantes</ownerDesignName>
<useDomainConstraints>false</useDomainConstraints>
<use>1</use>
<logicalDatatype>LOGDT024</logicalDatatype>
<dataTypeSize>50 CHAR</dataTypeSize>
<ownDataTypeParameters>50 CHAR,,</ownDataTypeParameters>
<autoIncrementCycle>false</autoIncrementCycle>
</Column>
<Column name="pais" id="D0FAACAD-8201-54A1-3379-11955D6CF171">
<createdBy>diego</createdBy>
<createdTime>2025-09-05 01:25:48 UTC</createdTime>
<generatorID>1E07E4F1-586D-607E-9009-9ACEB6067C63</generatorID>
<ownerDesignName>ProyectoMER_Postulantes</ownerDesignName>
<useDomainConstraints>false</useDomainConstraints>
<use>1</use>
<logicalDatatype>LOGDT024</logicalDatatype>
<dataTypeSize>50 CHAR</dataTypeSize>
<ownDataTypeParameters>50 CHAR,,</ownDataTypeParameters>
<autoIncrementCycle>false</autoIncrementCycle>
</Column>
<Column name="remuneracion_maxima" id="216B0650-4E54-0F50-E87D-9EEDB601FA74">
<createdBy>diego</createdBy>
<createdTime>2025-09-05 01:25:48 UTC</createdTime>
<commentInRDBMS><![CDATA[ALTER TABLE empresa 
ADD CONSTRAINT chk_remuneracion_maxima 
CHECK (remuneracion_maxima BETWEEN 1850000 AND 4800000);]]></commentInRDBMS>
<generatorID>2DEA9F96-0A51-E2BB-F963-8E76539B03F3</generatorID>
<ownerDesignName>ProyectoMER_Postulantes</ownerDesignName>
<nullsAllowed>true</nullsAllowed>
<useDomainConstraints>false</useDomainConstraints>
<use>1</use>
<logicalDatatype>LOGDT026</logicalDatatype>
<dataTypePrecision>10</dataTypePrecision>
<dataTypeScale>2</dataTypeScale>
<ownDataTypeParameters>,10,2</ownDataTypeParameters>
<autoIncrementCycle>false</autoIncrementCycle>
</Column>
<Column name="Postulacion_id_postulacion" id="16AA090C-0F1E-4417-FFF6-9F62AE8A8FC1">
<createdBy>FrZxK</createdBy>
<createdTime>2025-09-07 19:40:29 UTC</createdTime>
<generatorID>4C649959-5776-3EB4-348F-18156944DB56</generatorID>
<ownerDesignName>ProyectoMER_Postulantes</ownerDesignName>
<useDomainConstraints>false</useDomainConstraints>
<use>1</use>
<logicalDatatype>LOGDT011</logicalDatatype>
<ownDataTypeParameters>,,</ownDataTypeParameters>
<previousColumn>false</previousColumn>
<autoIncrementCycle>false</autoIncrementCycle>
<associations>
<colAssociation fkAssociation="3AAEF60A-4C84-489B-8CBA-23EB1436B32D" referredColumn="DC4456EA-6DBA-1E52-C133-B93F5ACA861E"/>
</associations>
</Column>
<Column name="Titulo_Profesional_id_titulo" id="2EDD553C-BCBD-D253-53BD-3AE8AA3A11E3">
<createdBy>FrZxK</createdBy>
<createdTime>2025-09-07 21:19:03 UTC</createdTime>
<generatorID>63FB3D8B-CB07-063E-4AF3-35DED12AEF0F</generatorID>
<ownerDesignName>ProyectoMER_Postulantes</ownerDesignName>
<nullsAllowed>true</nullsAllowed>
<useDomainConstraints>false</useDomainConstraints>
<use>1</use>
<logicalDatatype>LOGDT011</logicalDatatype>
<ownDataTypeParameters>,,</ownDataTypeParameters>
<previousColumn>false</previousColumn>
<autoIncrementCycle>false</autoIncrementCycle>
<associations>
<colAssociation fkAssociation="0BACC187-6FF9-42E0-0491-61B858B13D36" referredColumn="09600691-FBE2-C6C1-21FA-B55FE49EF57F"/>
</associations>
</Column>
</columns>
<indexes itemClass="oracle.dbtools.crest.model.design.relational.Index">
<ind_PK_UK id="5C819A27-980F-C4A9-35EB-3DED22EA0AA8" name="EMPRESA_PK">
<createdBy>FrZxK</createdBy>
<createdTime>2025-09-07 19:40:29 UTC</createdTime>
<generatorID>43B3BBD7-A561-D564-6949-148F64A18BAB</generatorID>
<ownerDesignName>ProyectoMER_Postulantes</ownerDesignName>
<pk>true</pk>
<indexState>Primary Constraint</indexState>
<isSurrogateKey>false</isSurrogateKey>
<indexColumnUsage>
<colUsage columnID="97DE6000-26B8-949A-99C9-FDE12AEBE9AB"/>
</indexColumnUsage>
</ind_PK_UK>
<ind_PK_UK id="42C4B344-B360-7005-ABE4-009ED2AF2D6A" name="EMPRESA_Postulacion_FK">
<createdBy>FrZxK</createdBy>
<createdTime>2025-09-07 20:07:54 UTC</createdTime>
<generatorID>2CAC635F-2276-B30C-07F9-D7BB73AB5804</generatorID>
<ownerDesignName>ProyectoMER_Postulantes</ownerDesignName>
<indexState>Foreign Key</indexState>
<isSurrogateKey>false</isSurrogateKey>
<indexColumnUsage>
<colUsage columnID="16AA090C-0F1E-4417-FFF6-9F62AE8A8FC1"/>
</indexColumnUsage>
</ind_PK_UK>
<ind_PK_UK id="BDE37971-FEDC-6A5F-AB2F-690B0208947A" name="EMPRESA_Titulo_Profesional_FK">
<createdBy>FrZxK</createdBy>
<createdTime>2025-09-07 21:19:03 UTC</createdTime>
<generatorID>0C617035-BE6D-C938-2C9F-97C6A67F213A</generatorID>
<ownerDesignName>ProyectoMER_Postulantes</ownerDesignName>
<indexState>Foreign Key</indexState>
<isSurrogateKey>false</isSurrogateKey>
<indexColumnUsage>
<colUsage columnID="2EDD553C-BCBD-D253-53BD-3AE8AA3A11E3"/>
</indexColumnUsage>
</ind_PK_UK>
</indexes>
</Table>