<?xml version = '1.0' encoding = 'UTF-8'?>
<Table class="oracle.dbtools.crest.model.design.relational.Table" directorySegmentName="seg_0" id="8E88C89B-0759-8E26-70A0-C346C47947C5" name="grado_academico">
<createdBy>diego</createdBy>
<createdTime>2025-09-05 01:25:48 UTC</createdTime>
<generatorID>20EE1F6A-9C2A-B9A2-AB81-AF9839B2E560</generatorID>
<ownerDesignName>ProyectoMER_Postulantes</ownerDesignName>
<allowColumnReorder>false</allowColumnReorder>
<existDependencyGenerateInDDl>true</existDependencyGenerateInDDl>
<parsed>true</parsed>
<columns itemClass="oracle.dbtools.crest.model.design.relational.Column">
<Column name="id_grado_academico" id="B9ADECE5-3E45-6181-4F40-3D6C696CB8A0">
<createdBy>diego</createdBy>
<createdTime>2025-09-05 01:25:48 UTC</createdTime>
<generatorID>C5DA1E2E-AB33-D8A2-C38C-FCCD2AA89C64</generatorID>
<ownerDesignName>ProyectoMER_Postulantes</ownerDesignName>
<useDomainConstraints>false</useDomainConstraints>
<use>1</use>
<logicalDatatype>LOGDT011</logicalDatatype>
<ownDataTypeParameters>,,</ownDataTypeParameters>
<autoIncrementCycle>false</autoIncrementCycle>
</Column>
<Column name="nombre_grado" id="32E3361B-7848-3562-85D0-A12498E664D3">
<createdBy>diego</createdBy>
<createdTime>2025-09-05 01:25:48 UTC</createdTime>
<commentInRDBMS><![CDATA[ALTER TABLE grado_academico 
ADD CONSTRAINT chk_nombre_grado 
CHECK (nombre_grado IN ('Licenciado', 'Magíster', 'Doctorado'));]]></commentInRDBMS>
<generatorID>0D01DB29-88C5-BB50-99E7-BC4553531372</generatorID>
<ownerDesignName>ProyectoMER_Postulantes</ownerDesignName>
<nullsAllowed>true</nullsAllowed>
<useDomainConstraints>false</useDomainConstraints>
<use>1</use>
<logicalDatatype>LOGDT024</logicalDatatype>
<dataTypeSize>20 CHAR</dataTypeSize>
<ownDataTypeParameters>20 CHAR,,</ownDataTypeParameters>
<autoIncrementCycle>false</autoIncrementCycle>
</Column>
</columns>
<indexes itemClass="oracle.dbtools.crest.model.design.relational.Index">
<ind_PK_UK id="C90BF8FF-4AE7-917D-1C81-374281E8F369" name="grado_academico_PK">
<createdBy>diego</createdBy>
<createdTime>2025-09-05 01:25:48 UTC</createdTime>
<generatorID>636C5B85-590F-0075-7400-5F2EC5127D04</generatorID>
<ownerDesignName>ProyectoMER_Postulantes</ownerDesignName>
<pk>true</pk>
<indexState>Primary Constraint</indexState>
<isSurrogateKey>false</isSurrogateKey>
<indexColumnUsage>
<colUsage columnID="B9ADECE5-3E45-6181-4F40-3D6C696CB8A0"/>
</indexColumnUsage>
</ind_PK_UK>
</indexes>
</Table>