<?xml version = '1.0' encoding = 'UTF-8'?>
<Table class="oracle.dbtools.crest.model.design.relational.Table" directorySegmentName="seg_0" id="C8AFB23D-C8D8-BA42-EBD8-242AB11C95EE" name="PROFESION">
<createdBy>diego</createdBy>
<createdTime>2025-09-05 01:25:48 UTC</createdTime>
<generatorID>B5AEAF15-EF41-AB59-00E0-06ABB04B1E11</generatorID>
<ownerDesignName>ProyectoMER_Postulantes</ownerDesignName>
<allowColumnReorder>false</allowColumnReorder>
<existDependencyGenerateInDDl>true</existDependencyGenerateInDDl>
<parsed>true</parsed>
<columns itemClass="oracle.dbtools.crest.model.design.relational.Column">
<Column name="id_profesion" id="F16800C5-CB6C-4F6B-94F8-741047F6E543">
<createdBy>diego</createdBy>
<createdTime>2025-09-05 01:25:48 UTC</createdTime>
<generatorID>CD61AE49-0F9E-A930-887D-6089059CCC9F</generatorID>
<ownerDesignName>ProyectoMER_Postulantes</ownerDesignName>
<useDomainConstraints>false</useDomainConstraints>
<use>1</use>
<logicalDatatype>LOGDT011</logicalDatatype>
<ownDataTypeParameters>,,</ownDataTypeParameters>
<autoIncrementCycle>false</autoIncrementCycle>
</Column>
<Column name="nombre_profesion" id="D57C8928-0F2E-2A95-7A9D-11A9681F07C8">
<createdBy>diego</createdBy>
<createdTime>2025-09-05 01:25:48 UTC</createdTime>
<generatorID>734A1A7F-3B5A-4942-2252-FB43F01855E4</generatorID>
<ownerDesignName>ProyectoMER_Postulantes</ownerDesignName>
<useDomainConstraints>false</useDomainConstraints>
<use>1</use>
<logicalDatatype>LOGDT024</logicalDatatype>
<dataTypeSize>100 CHAR</dataTypeSize>
<ownDataTypeParameters>100 CHAR,,</ownDataTypeParameters>
<autoIncrementCycle>false</autoIncrementCycle>
</Column>
<Column name="Titulo_Profesional_Titulo_Profesional_ID" id="F354D829-8AEE-49B0-1610-FAE9BC6C3DAD">
<createdBy>diego</createdBy>
<createdTime>2025-09-05 01:25:48 UTC</createdTime>
<ownerDesignName>ProyectoMER_Postulantes</ownerDesignName>
<useDomainConstraints>false</useDomainConstraints>
<use>1</use>
<logicalDatatype>LOGDT019</logicalDatatype>
<ownDataTypeParameters>,,</ownDataTypeParameters>
<previousColumn>false</previousColumn>
<autoIncrementCycle>false</autoIncrementCycle>
</Column>
<Column name="Titulo_Profesional_id_titulo" id="EC2001F8-AA4F-0D63-3CE3-2F174399A732">
<createdBy>FrZxK</createdBy>
<createdTime>2025-09-07 20:07:54 UTC</createdTime>
<generatorID>76D7606D-29E2-5FA0-E517-B46663DF0A28</generatorID>
<ownerDesignName>ProyectoMER_Postulantes</ownerDesignName>
<useDomainConstraints>false</useDomainConstraints>
<use>1</use>
<logicalDatatype>LOGDT011</logicalDatatype>
<ownDataTypeParameters>,,</ownDataTypeParameters>
<previousColumn>false</previousColumn>
<autoIncrementCycle>false</autoIncrementCycle>
<associations>
<colAssociation fkAssociation="A29E0241-E0B9-F695-E402-FB94ADFC7311" referredColumn="09600691-FBE2-C6C1-21FA-B55FE49EF57F"/>
</associations>
</Column>
</columns>
<indexes itemClass="oracle.dbtools.crest.model.design.relational.Index">
<ind_PK_UK id="AA981FB1-9026-EE71-EA7B-351F293703EC" name="PROFESION_PK">
<createdBy>FrZxK</createdBy>
<createdTime>2025-09-07 19:40:29 UTC</createdTime>
<generatorID>A0B8A0F3-90F2-1BD3-481E-1AD6D45C5EC5</generatorID>
<ownerDesignName>ProyectoMER_Postulantes</ownerDesignName>
<pk>true</pk>
<indexState>Primary Constraint</indexState>
<isSurrogateKey>false</isSurrogateKey>
<indexColumnUsage>
<colUsage columnID="F16800C5-CB6C-4F6B-94F8-741047F6E543"/>
</indexColumnUsage>
</ind_PK_UK>
<ind_PK_UK id="F0CA2DE2-8D26-0046-C9CB-A3822BB6A78B" name="PROFESION_Titulo_Profesional_FK">
<createdBy>FrZxK</createdBy>
<createdTime>2025-09-07 20:07:54 UTC</createdTime>
<generatorID>2F62CD61-B019-6506-2D62-1B2BD11F945E</generatorID>
<ownerDesignName>ProyectoMER_Postulantes</ownerDesignName>
<indexState>Foreign Key</indexState>
<isSurrogateKey>false</isSurrogateKey>
<indexColumnUsage>
<colUsage columnID="EC2001F8-AA4F-0D63-3CE3-2F174399A732"/>
</indexColumnUsage>
</ind_PK_UK>
</indexes>
</Table>