<?xml version = '1.0' encoding = 'UTF-8'?>
<Diagram class="oracle.dbtools.crest.swingui.relational.DPVRelational" name="Relational_1" id="96D85CD7-F6AD-AC07-9922-6D399D704A35">
<createdBy>diego</createdBy>
<modifiedBy>diego</modifiedBy>
<createdTime>2025-08-22 23:21:23 UTC</createdTime>
<autoRoute>false</autoRoute>
<boxInbox>true</boxInbox>
<showLegend>false</showLegend>
<showLabels>false</showLabels>
<showRelAttributes>false</showRelAttributes>
<gridEnabled>false</gridEnabled>
<showGrid>false</showGrid>
<diagramColor>-1</diagramColor>
<display>false</display>
<notation>1</notation>
<objectViews>
<OView class="oracle.dbtools.crest.swingui.relational.TVTable" oid="033D71CB-8114-7752-69CE-A5A34DDCCC88" otype="Table" vid="41B7BD91-9F75-6FC2-D8A1-C32B4B8097A1">
<hideElementsInCurrentOnly>false</hideElementsInCurrentOnly>
<bounds x="426" y="258" width="253" height="207"/>
</OView>
<OView class="oracle.dbtools.crest.swingui.relational.TVTable" oid="33C37A2C-3B60-B27E-6B83-8684E78A69F3" otype="Table" vid="551B65C8-A8E9-DAC3-C6E7-4DBBCBEBA1D0">
<hideElementsInCurrentOnly>false</hideElementsInCurrentOnly>
<bounds x="814" y="30" width="260" height="166"/>
</OView>
<OView class="oracle.dbtools.crest.swingui.relational.TVTable" oid="421D7B4F-9BA3-F858-87D5-452681994F2A" otype="Table" vid="091B7AF9-8000-FD70-18C3-98EAE751F3D2">
<hideElementsInCurrentOnly>false</hideElementsInCurrentOnly>
<bounds x="47" y="523" width="255" height="184"/>
</OView>
<OView class="oracle.dbtools.crest.swingui.relational.TVTable" oid="45289F1B-6BEE-F988-425A-B77B1253A158" otype="Table" vid="7EEE9F09-6E34-1324-F3AD-BAE217259BCC">
<hideElementsInCurrentOnly>false</hideElementsInCurrentOnly>
<bounds x="822" y="521" width="279" height="198"/>
</OView>
<OView class="oracle.dbtools.crest.swingui.relational.TVTable" oid="6DEE92B7-B95E-CE8E-594A-EB206DBD39D7" otype="Table" vid="0C7BBFA4-80F3-FBA2-47E2-6538B30F7E01">
<hideElementsInCurrentOnly>false</hideElementsInCurrentOnly>
<bounds x="799" y="272" width="281" height="199"/>
</OView>
<OView class="oracle.dbtools.crest.swingui.relational.TVTable" oid="AA392723-9540-2A78-DA11-697EEC3D891C" otype="Table" vid="31151ECC-4A2F-F72C-F8A4-31E629D139C5">
<hideElementsInCurrentOnly>false</hideElementsInCurrentOnly>
<bounds x="59" y="250" width="263" height="203"/>
</OView>
<OView class="oracle.dbtools.crest.swingui.relational.TVTable" oid="C4AAE6EB-DA7E-A3F1-4EB5-199F109D2E72" otype="Table" vid="1456A7DF-A355-EACD-D0DC-9C194CAE4DD3">
<hideElementsInCurrentOnly>false</hideElementsInCurrentOnly>
<bounds x="427" y="526" width="264" height="196"/>
</OView>
<OView class="oracle.dbtools.crest.swingui.relational.TVTable" oid="DC79703F-B831-05BF-D744-E02E5DFDC9B1" otype="Table" vid="3B4117FA-3FE4-775C-64F3-B769E52A8A96">
<hideElementsInCurrentOnly>false</hideElementsInCurrentOnly>
<bounds x="432" y="23" width="256" height="168"/>
</OView>
</objectViews>
<connectors>
<Connector class="oracle.dbtools.crest.swingui.relational.TVFKRelation" oid="001DE3F4-1504-D7C9-6D50-8FD816F1CC4A" otype="FKIndexAssociation" vid_source="1456A7DF-A355-EACD-D0DC-9C194CAE4DD3" vid_target="091B7AF9-8000-FD70-18C3-98EAE751F3D2">
<hideElementsInCurrentOnly>false</hideElementsInCurrentOnly>
<backgroundColor>-16777216</backgroundColor>
<lineWidth>1</lineWidth>
<points>
<point x="427" y="616"/>
<point x="302" y="616"/>
</points>
</Connector>
<Connector class="oracle.dbtools.crest.swingui.relational.TVFKRelation" oid="33F8F7DC-54CC-7C04-7704-A4E671F329DB" otype="FKIndexAssociation" vid_source="3B4117FA-3FE4-775C-64F3-B769E52A8A96" vid_target="0C7BBFA4-80F3-FBA2-47E2-6538B30F7E01">
<hideElementsInCurrentOnly>false</hideElementsInCurrentOnly>
<backgroundColor>-16777216</backgroundColor>
<lineWidth>1</lineWidth>
<points>
<point x="680" y="191"/>
<point x="799" y="273"/>
</points>
</Connector>
<Connector class="oracle.dbtools.crest.swingui.relational.TVFKRelation" oid="3BD33805-DDDA-1A53-DA1D-A34990C3EB6B" otype="FKIndexAssociation" vid_source="1456A7DF-A355-EACD-D0DC-9C194CAE4DD3" vid_target="0C7BBFA4-80F3-FBA2-47E2-6538B30F7E01">
<hideElementsInCurrentOnly>false</hideElementsInCurrentOnly>
<backgroundColor>-16777216</backgroundColor>
<lineWidth>1</lineWidth>
<points>
<point x="691" y="536"/>
<point x="799" y="464"/>
</points>
</Connector>
<Connector class="oracle.dbtools.crest.swingui.relational.TVFKRelation" oid="89083B0B-797C-6679-DCC8-B430538F1361" otype="FKIndexAssociation" vid_source="3B4117FA-3FE4-775C-64F3-B769E52A8A96" vid_target="551B65C8-A8E9-DAC3-C6E7-4DBBCBEBA1D0">
<hideElementsInCurrentOnly>false</hideElementsInCurrentOnly>
<backgroundColor>-16777216</backgroundColor>
<lineWidth>1</lineWidth>
<points>
<point x="688" y="114"/>
<point x="814" y="115"/>
</points>
</Connector>
<Connector class="oracle.dbtools.crest.swingui.relational.TVFKRelation" oid="DEE30D45-A93D-597C-F096-469B608D1153" otype="FKIndexAssociation" vid_source="1456A7DF-A355-EACD-D0DC-9C194CAE4DD3" vid_target="7EEE9F09-6E34-1324-F3AD-BAE217259BCC">
<hideElementsInCurrentOnly>false</hideElementsInCurrentOnly>
<backgroundColor>-16777216</backgroundColor>
<lineWidth>1</lineWidth>
<points>
<point x="691" y="622"/>
<point x="822" y="622"/>
</points>
</Connector>
<Connector class="oracle.dbtools.crest.swingui.relational.TVFKRelation" oid="ECCEF52F-69F7-E5A1-7C9E-391CEF36DD48" otype="FKIndexAssociation" vid_source="31151ECC-4A2F-F72C-F8A4-31E629D139C5" vid_target="41B7BD91-9F75-6FC2-D8A1-C32B4B8097A1">
<hideElementsInCurrentOnly>false</hideElementsInCurrentOnly>
<backgroundColor>-16777216</backgroundColor>
<lineWidth>1</lineWidth>
<points>
<point x="322" y="355"/>
<point x="426" y="355"/>
</points>
</Connector>
<Connector class="oracle.dbtools.crest.swingui.relational.TVFKRelation" oid="EE18DB11-15B1-7973-9EC9-D9A2DC4917A1" otype="FKIndexAssociation" vid_source="41B7BD91-9F75-6FC2-D8A1-C32B4B8097A1" vid_target="0C7BBFA4-80F3-FBA2-47E2-6538B30F7E01">
<hideElementsInCurrentOnly>false</hideElementsInCurrentOnly>
<backgroundColor>-16777216</backgroundColor>
<lineWidth>1</lineWidth>
<points>
<point x="679" y="368"/>
<point x="799" y="368"/>
</points>
</Connector>
</connectors>
</Diagram>