<?xml version = '1.0' encoding = 'UTF-8'?>
<Diagram class="oracle.dbtools.crest.swingui.logical.DPVLogical" name="Logical" id="C0D8934D-8E4A-AD78-A062-8EE78EAB7635">
<createdBy>diego</createdBy>
<modifiedBy>diego</modifiedBy>
<createdTime>2025-09-05 00:03:07 UTC</createdTime>
<autoRoute>false</autoRoute>
<boxInbox>true</boxInbox>
<showLegend>false</showLegend>
<showLabels>false</showLabels>
<showRelAttributes>false</showRelAttributes>
<gridEnabled>false</gridEnabled>
<showGrid>false</showGrid>
<diagramColor>-1</diagramColor>
<display>false</display>
<notation>0</notation>
<objectViews>
<OView class="oracle.dbtools.crest.swingui.logical.TVEntity" oid="20EE1F6A-9C2A-B9A2-AB81-AF9839B2E560" otype="Entity" vid="6F471551-01AD-C7A7-C077-5D80FBCE1E36">
<hideElementsInCurrentOnly>false</hideElementsInCurrentOnly>
<bounds x="65" y="412" width="279" height="113"/>
</OView>
<OView class="oracle.dbtools.crest.swingui.logical.TVEntity" oid="47233DFB-D248-1063-C733-FEBA870DBD21" otype="Entity" vid="A87323A8-A66C-26CF-8F68-E8CD86F60B43">
<hideElementsInCurrentOnly>false</hideElementsInCurrentOnly>
<bounds x="528" y="277" width="304" height="228"/>
</OView>
<OView class="oracle.dbtools.crest.swingui.logical.TVEntity" oid="84A3A442-7A14-98D6-F08C-3498A931F258" otype="Entity" vid="FC8E1A21-FFB5-DE57-4B27-AAC413AFD7D5">
<hideElementsInCurrentOnly>false</hideElementsInCurrentOnly>
<bounds x="22" y="21" width="410" height="287"/>
</OView>
<OView class="oracle.dbtools.crest.swingui.logical.TVEntity" oid="B5AEAF15-EF41-AB59-00E0-06ABB04B1E11" otype="Entity" vid="768AF328-A929-DFBC-3FBE-D728C72F064C">
<hideElementsInCurrentOnly>false</hideElementsInCurrentOnly>
<bounds x="878" y="50" width="364" height="160"/>
</OView>
<OView class="oracle.dbtools.crest.swingui.logical.TVEntity" oid="C2B6C808-4855-7E6B-41CF-4B55F2C316EE" otype="Entity" vid="ADF9767D-085D-EAED-E5C7-90930740518A">
<hideElementsInCurrentOnly>false</hideElementsInCurrentOnly>
<bounds x="468" y="585" width="331" height="242"/>
</OView>
<OView class="oracle.dbtools.crest.swingui.logical.TVEntity" oid="F13F0B4F-FDC6-353E-7551-378E820FCFB9" otype="Entity" vid="55BBA9B7-E94D-DC78-0712-81FBEEEB7A64">
<hideElementsInCurrentOnly>false</hideElementsInCurrentOnly>
<bounds x="485" y="20" width="354" height="227"/>
</OView>
</objectViews>
<connectors>
<Connector class="oracle.dbtools.crest.swingui.logical.TVRelation" oid="0C617035-BE6D-C938-2C9F-97C6A67F213A" otype="Relation" vid_source="A87323A8-A66C-26CF-8F68-E8CD86F60B43" vid_target="55BBA9B7-E94D-DC78-0712-81FBEEEB7A64">
<hideElementsInCurrentOnly>false</hideElementsInCurrentOnly>
<backgroundColor>-16777216</backgroundColor>
<lineWidth>1</lineWidth>
<points>
<point x="680" y="277"/>
<point x="680" y="247"/>
</points>
</Connector>
<Connector class="oracle.dbtools.crest.swingui.logical.TVRelation" oid="508E2D6C-9792-7757-9114-79875586D902" otype="Relation" vid_source="A87323A8-A66C-26CF-8F68-E8CD86F60B43" vid_target="ADF9767D-085D-EAED-E5C7-90930740518A">
<hideElementsInCurrentOnly>false</hideElementsInCurrentOnly>
<backgroundColor>-16777216</backgroundColor>
<lineWidth>1</lineWidth>
<points>
<point x="678" y="505"/>
<point x="678" y="585"/>
</points>
</Connector>
<Connector class="oracle.dbtools.crest.swingui.logical.TVRelation" oid="7BE640BE-548C-D9EF-CE7A-CC88D61232B3" otype="Relation" vid_source="FC8E1A21-FFB5-DE57-4B27-AAC413AFD7D5" vid_target="ADF9767D-085D-EAED-E5C7-90930740518A">
<hideElementsInCurrentOnly>false</hideElementsInCurrentOnly>
<backgroundColor>-16777216</backgroundColor>
<lineWidth>1</lineWidth>
<points>
<point x="334" y="308"/>
<point x="542" y="585"/>
</points>
</Connector>
<Connector class="oracle.dbtools.crest.swingui.logical.TVRelation" oid="C05F7079-AFDF-F6DB-7373-BBA5C9A9B2A6" otype="Relation" vid_source="6F471551-01AD-C7A7-C077-5D80FBCE1E36" vid_target="FC8E1A21-FFB5-DE57-4B27-AAC413AFD7D5">
<hideElementsInCurrentOnly>false</hideElementsInCurrentOnly>
<backgroundColor>-16777216</backgroundColor>
<lineWidth>1</lineWidth>
<points>
<point x="219" y="412"/>
<point x="219" y="308"/>
</points>
</Connector>
<Connector class="oracle.dbtools.crest.swingui.logical.TVRelation" oid="C2D585F5-66E7-F6D0-DADB-C753419477A4" otype="Relation" vid_source="FC8E1A21-FFB5-DE57-4B27-AAC413AFD7D5" vid_target="55BBA9B7-E94D-DC78-0712-81FBEEEB7A64">
<hideElementsInCurrentOnly>false</hideElementsInCurrentOnly>
<backgroundColor>-16777216</backgroundColor>
<lineWidth>1</lineWidth>
<points>
<point x="432" y="119"/>
<point x="485" y="119"/>
</points>
</Connector>
<Connector class="oracle.dbtools.crest.swingui.logical.TVRelation" oid="E6AD5214-37EC-24E4-044E-05B565678C2A" otype="Relation" vid_source="768AF328-A929-DFBC-3FBE-D728C72F064C" vid_target="55BBA9B7-E94D-DC78-0712-81FBEEEB7A64">
<hideElementsInCurrentOnly>false</hideElementsInCurrentOnly>
<backgroundColor>-16777216</backgroundColor>
<lineWidth>1</lineWidth>
<points>
<point x="878" y="145"/>
<point x="839" y="145"/>
</points>
</Connector>
</connectors>
</Diagram>