<?xml version = '1.0' encoding = 'UTF-8'?>
<relationalModel class="oracle.dbtools.crest.model.design.relational.RelationalDesign" name="Relational_1" id="7D539259-04D6-036D-1E8B-14CD3112847D" mainViewID="96D85CD7-F6AD-AC07-9922-6D399D704A35">
<createdBy>diego</createdBy>
<createdTime>2025-08-22 17:12:45 UTC</createdTime>
<ownerDesignName>Exp1_S1_Grupo16_reservas</ownerDesignName>
<shouldBeOpen>true</shouldBeOpen>
<selectedRDBMSSite>32076570-2523-435C-2E92-BF29817DFF70</selectedRDBMSSite>
</relationalModel>